,鄉鎮名稱,村里名稱,用電量_2011,用電量_2012,用電量_2013,用電量_2014,population_2011,population_2012,population_2013,population_2014,population_2015,人均用電量_2011,人均用電量_2012,人均用電量_2013,人均用電量_2014
0,松山區,復盛里,590.0,17699.0,8950.0,11176.0,6935.0,6929.0,6858.0,6857.0,6857.0,0.08507570295602018,2.5543368451435993,1.305045202682998,1.6298672889018522
1,松山區,復勢里,1323.0,1338.0,1435.0,1349.0,6638.0,6716.0,6709.0,6615.0,6615.0,0.19930702018680324,0.19922572960095294,0.2138917871515874,0.20393046107331822
2,松山區,福成里,,,,1349.0,2985.0,3043.0,3003.0,2983.0,2983.0,,,,0.45222929936305734
3,松山區,新聚里,10.0,,3978.0,,8252.0,8339.0,8313.0,8379.0,8379.0,0.0012118274357731458,,0.4785276073619632,
4,松山區,美仁里,11.0,,,,3750.0,3731.0,3803.0,3840.0,3840.0,0.0029333333333333334,,,
5,松山區,富泰里,32.0,,2993.0,,4832.0,4861.0,4909.0,4938.0,4938.0,0.006622516556291391,,0.6096964758606641,
6,松山區,介壽里,,,,1126.0,5059.0,5027.0,4925.0,4931.0,4931.0,,,,0.22835124721151895
7,松山區,東光里,,3080.0,,,7457.0,7493.0,7539.0,7532.0,7532.0,,0.411050313626051,,
8,松山區,東勢里,,5676.0,11560.0,,4790.0,4808.0,4787.0,4744.0,4744.0,,1.180532445923461,2.414873616043451,
9,松山區,安平里,,21720.0,,11060.0,8427.0,8681.0,8749.0,8755.0,8755.0,,2.5020158967860846,,1.2632781267846944
10,松山區,鵬程里,19.0,,,243.0,5883.0,5854.0,5748.0,5769.0,5769.0,0.0032296447390787013,,,0.0421216848673947
11,松山區,自強里,,,,,10176.0,10183.0,10202.0,10218.0,10218.0,,,,
12,松山區,吉祥里,576.0,2640.0,32148.0,33327.0,8762.0,8755.0,8774.0,8817.0,8817.0,0.06573841588678384,0.30154197601370647,3.66400729427855,3.7798570942497447
13,松山區,松基里,1399.0,,6492.0,7579.0,3836.0,3854.0,3862.0,3812.0,3812.0,0.36470281543274247,,1.6809943034697048,1.9881951731374607
14,松山區,中崙里,20143.0,7175.0,14377.0,11186.0,4594.0,4586.0,4549.0,4563.0,4563.0,4.3846321288637355,1.564544265154819,3.160474829632886,2.451457374534298
15,松山區,慈祐里,39859.0,76519.0,91054.0,77743.0,7775.0,7975.0,7975.0,8134.0,8134.0,5.126559485530547,9.59485893416928,11.41742946708464,9.55778214900418
16,松山區,復源里,1129101.0,1075068.0,1146179.0,1027108.0,3600.0,3654.0,3596.0,3561.0,3561.0,313.63916666666665,294.2167487684729,318.7372080088988,288.43246279135076
17,松山區,新東里,313296.0,,313115.0,289950.0,5108.0,5161.0,5139.0,5202.0,5202.0,61.33437744714174,,60.929169099046504,55.73817762399077
18,松山區,復建里,1659070.0,1553933.0,1568826.0,1486759.0,4840.0,4830.0,4841.0,4896.0,4896.0,342.7830578512397,321.72525879917185,324.07064656062795,303.66809640522877
19,松山區,新益里,464023.0,,436347.0,382761.0,4877.0,4915.0,4907.0,4866.0,4866.0,95.14517121181053,,88.92337477073568,78.66029593094945
20,松山區,敦化里,2688300.0,2510931.0,2623719.0,2439910.0,7727.0,7696.0,7645.0,7615.0,7615.0,347.90992623269057,326.2644230769231,343.19411379986917,320.408404464872
21,松山區,莊敬里,720841.0,40.0,708608.0,644594.0,5705.0,5725.0,5664.0,5667.0,5667.0,126.35249780893953,0.0069868995633187774,125.10734463276836,113.74519145932592
22,松山區,龍田里,765572.0,,783129.0,698225.0,11327.0,11284.0,11284.0,11219.0,11219.0,67.58824048733115,,69.40171924849344,62.23593903199929
23,松山區,東昌里,824707.0,,806031.0,723017.0,3019.0,2983.0,2951.0,2927.0,2927.0,273.1722424643922,,273.13825821755336,247.01639904338913
24,松山區,中正里,2379661.0,2343448.0,2499576.0,2319365.0,10787.0,10833.0,10812.0,10877.0,10877.0,220.6045239640308,216.32493307486385,231.18534961154273,213.2357267628942
25,松山區,中華里,1109442.0,,1075286.0,958362.0,6891.0,6945.0,6919.0,6894.0,6894.0,160.99869394862864,,155.410608469432,139.01392515230634
26,松山區,精忠里,1476049.0,228.0,1436336.0,1329160.0,4883.0,4827.0,4676.0,4722.0,4722.0,302.2832275240631,0.04723430702299565,307.17194183062446,281.48242270224483
27,松山區,吉仁里,1540289.0,1434280.0,1471266.0,1372649.0,4468.0,4469.0,4422.0,4384.0,4384.0,344.7379140555058,320.93980756321326,332.71506105834465,313.1042427007299
28,松山區,三民里,1303511.0,293.0,1234227.0,1128747.0,7118.0,7153.0,7132.0,7149.0,7149.0,183.12882832256253,0.04096183419544247,173.05482333146384,157.88879563575324
29,松山區,富錦里,1781711.0,,1674752.0,1493276.0,5390.0,5398.0,5424.0,5457.0,5457.0,330.5586270871985,,308.7669616519174,273.64412680960237
30,松山區,民福里,2302802.0,,2207538.0,2008752.0,6481.0,6540.0,6605.0,6624.0,6624.0,355.3158463200123,,334.2222558667676,303.2536231884058
31,松山區,東榮里,2730318.0,40.0,2649658.0,2408868.0,8843.0,8744.0,8671.0,8568.0,8568.0,308.7547212484451,0.004574565416285453,305.57698074039905,281.1470588235294
32,松山區,民有里,4211793.0,,4100935.0,3579798.0,8733.0,8913.0,8950.0,8958.0,8958.0,482.2847818619031,,458.2050279329609,399.6202277294039
33,信義區,新仁里,48865.0,1745584.0,2032562.0,1477477.0,3674.0,3685.0,3682.0,3707.0,3707.0,13.300217746325531,473.6998643147897,552.0266159695817,398.56406797949825
34,信義區,興隆里,42.0,939939.0,1020842.0,899550.0,3077.0,3035.0,3041.0,3021.0,3021.0,0.013649658758531037,309.6998352553542,335.69286418941135,297.7656405163853
35,信義區,安康里,4883925.0,5921601.0,6482103.0,6090265.0,10611.0,10819.0,11003.0,11092.0,11092.0,460.27000282725476,547.3334873833071,589.1214214305189,549.068247385503
36,信義區,黎忠里,1591128.0,1450208.0,1544169.0,1432574.0,4911.0,4952.0,4987.0,5073.0,5073.0,323.9926695174099,292.8529886914378,309.6388610387006,282.39187857283656
37,信義區,雙和里,1757271.0,1587772.0,1694444.0,1565709.0,7382.0,7440.0,7458.0,7532.0,7532.0,238.04808994852343,213.41021505376344,227.19817645481362,207.87426978226236
38,信義區,國業里,2468992.0,2312498.0,2483709.0,2368744.0,8096.0,8135.0,8139.0,8211.0,8211.0,304.9644268774704,284.26527350952676,305.16144489495025,288.4842284739983
39,信義區,景聯里,1507609.0,1382794.0,1472271.0,1378745.0,4872.0,4879.0,4814.0,4831.0,4831.0,309.4435550082102,283.4175035868006,305.83111757374326,285.3953632788243
40,信義區,黎安里,463795.0,464172.0,485535.0,276887.0,2267.0,2245.0,2253.0,2251.0,2251.0,204.585355094839,206.75812917594655,215.50599201065248,123.00621945801866
41,信義區,永吉里,13663.0,4764.0,45831.0,20691.0,4456.0,4393.0,4369.0,4343.0,4343.0,3.0662028725314183,1.0844525381288412,10.490043488212406,4.764218282293346
42,信義區,正和里,,,,,4916.0,4892.0,4897.0,4954.0,4954.0,,,,
43,信義區,五常里,12105.0,9680.0,17206.0,23300.0,3859.0,3899.0,3927.0,3946.0,3946.0,3.1368230111427833,2.482687868684278,4.381461675579323,5.904713634059807
44,信義區,惠安里,2353.0,3274.0,3887.0,1364.0,6791.0,6777.0,6867.0,6902.0,6902.0,0.34648799882197023,0.4831046185627859,0.5660404834716761,0.19762387713706173
45,信義區,雅祥里,3281.0,,2498.0,21.0,5072.0,5065.0,5126.0,5202.0,5202.0,0.6468848580441641,,0.4873195474053843,0.004036908881199538
46,信義區,六合里,42.0,1919.0,3924.0,,7087.0,7064.0,7095.0,7189.0,7189.0,0.005926344010159447,0.27165911664779163,0.5530655391120507,
47,信義區,西村里,,,,136.0,6172.0,6192.0,6124.0,6127.0,6127.0,,,,0.02219683368695936
48,信義區,泰和里,1271.0,1251.0,1091.0,1279.0,8301.0,8382.0,8393.0,8457.0,8457.0,0.15311408264064572,0.1492483894058697,0.1299892767782676,0.15123566276457373
49,信義區,景新里,274.0,239.0,12715.0,6868.0,5318.0,5369.0,5365.0,5452.0,5452.0,0.05152312899586311,0.044514807226671636,2.369990680335508,1.259721203228173
50,信義區,三張里,925.0,5400.0,880.0,880.0,9339.0,9401.0,9418.0,9408.0,9408.0,0.09904700717421565,0.5744069779810659,0.09343809726056487,0.0935374149659864
51,信義區,三犁里,18760.0,16760.0,17440.0,20800.0,5381.0,5409.0,5415.0,5438.0,5438.0,3.4863408288422226,3.098539471251618,3.2206832871652815,3.8249356381022435
52,信義區,四育里,6560.0,5923.0,6780.0,7110.0,5780.0,5840.0,5877.0,5897.0,5897.0,1.1349480968858132,1.0142123287671232,1.1536498213374171,1.205697812447007
53,信義區,松隆里,660309.0,547932.0,581641.0,602609.0,2410.0,2457.0,2445.0,2379.0,2379.0,273.9871369294606,223.008547008547,237.88997955010225,253.3034888608659
54,信義區,嘉興里,1223179.0,1190500.0,1228391.0,1093523.0,3311.0,3317.0,3339.0,3353.0,3353.0,369.42887345212927,358.90865239674406,367.89188379754415,326.1327169698777
55,信義區,黎順里,1724713.0,1566368.0,1693590.0,1616260.0,4047.0,4116.0,4172.0,4260.0,4260.0,426.17074376081047,380.555879494655,405.94199424736337,379.4037558685446
56,信義區,中興里,821143.0,870471.0,976035.0,903517.0,3596.0,3554.0,3537.0,3546.0,3546.0,228.34899888765295,244.92712436691053,275.949957591179,254.79892836999437
57,信義區,景勤里,1391293.0,1256051.0,1369727.0,1241049.0,4344.0,4392.0,4375.0,4378.0,4378.0,320.27923572744015,285.9861111111111,313.08045714285714,283.47396071265416
58,信義區,中坡里,1346818.0,559829.0,612146.0,1274072.0,4684.0,4691.0,4731.0,4752.0,4752.0,287.5358667805295,119.34107866126625,129.39040372014372,268.11279461279463
59,信義區,大仁里,1257716.0,985324.0,1128359.0,1169018.0,4273.0,4288.0,4260.0,4214.0,4214.0,294.340276152586,229.78638059701493,264.8730046948357,277.41290934978645
60,信義區,永春里,1799880.0,1632423.0,1781123.0,1561849.0,5194.0,5133.0,5133.0,5170.0,5170.0,346.53061224489795,318.0251315020456,346.9945451003312,302.0984526112186
61,信義區,松友里,1973947.0,1792702.0,1905582.0,1745258.0,7113.0,7217.0,7251.0,7267.0,7267.0,277.51258259524815,248.3998891506166,262.802647910633,240.16210265584147
62,信義區,廣居里,2927668.0,2750448.0,2917427.0,2692952.0,8255.0,8380.0,8373.0,8447.0,8447.0,354.6539067231981,328.21575178997614,348.43270034635134,318.80572984491533
63,信義區,中行里,2234623.0,772066.0,852739.0,1975217.0,8343.0,8390.0,8407.0,8496.0,8496.0,267.84406088936834,92.02216924910608,101.43202093493517,232.48787664783427
64,信義區,六藝里,1105561.0,576695.0,1065247.0,960162.0,3959.0,3991.0,3976.0,4018.0,4018.0,279.25258903763574,144.49887246304183,267.91926559356136,238.9651567944251
65,信義區,黎平里,2614282.0,2344900.0,2462105.0,2534071.0,7313.0,7344.0,7457.0,7427.0,7427.0,357.48420620812254,319.29466230936816,330.173662330696,341.19711862124683
66,信義區,松光里,1868425.0,1688344.0,1816937.0,1713275.0,5065.0,5139.0,5177.0,5121.0,5121.0,368.8894373149062,328.53551274567036,350.96329920803555,334.5586799453232
67,信義區,大道里,2152799.0,1964777.0,2129035.0,1902966.0,6399.0,6385.0,6408.0,6433.0,6433.0,336.42741053289575,307.7176194205168,332.24641073657926,295.81315094046323
68,信義區,五全里,1697188.0,1500427.0,1676109.0,1466465.0,5140.0,5179.0,5204.0,5276.0,5276.0,330.19221789883267,289.71365128403164,322.08089930822445,277.95015163002273
69,信義區,長春里,1602863.0,1465760.0,1649834.0,1488644.0,4322.0,4274.0,4295.0,4344.0,4344.0,370.86140675613143,342.94805802526906,384.1289871944121,342.68968692449357
70,信義區,富台里,1561947.0,1455868.0,1646226.0,1442066.0,4536.0,4597.0,4557.0,4664.0,4664.0,344.3445767195767,316.6995866869698,361.2521395655036,309.19082332761576
71,信義區,四維里,1642232.0,1480635.0,1662852.0,1439668.0,5477.0,5485.0,5546.0,5580.0,5580.0,299.8415190797882,269.94257064721967,299.82906599350883,258.00501792114693
72,信義區,敦厚里,1796019.0,912.0,1781904.0,1638809.0,5340.0,5421.0,5477.0,5443.0,5443.0,336.3331460674157,0.16823464305478694,325.34307102428335,301.08561455079916
73,信義區,興雅里,2256836.0,1045.0,2285310.0,1990153.0,6058.0,6111.0,6126.0,6056.0,6056.0,372.5381313965005,0.17100310914743905,373.050930460333,328.625
74,大安區,民輝里,519029.0,3725184.0,4096137.0,3774798.0,7013.0,7043.0,7005.0,7125.0,7125.0,74.0095536860117,528.9200624733778,584.7447537473233,529.7962105263158
75,大安區,敦安里,,2876833.0,3163720.0,2904486.0,6716.0,6718.0,6668.0,6707.0,6707.0,,428.22759749925575,474.4631073785243,433.0529297748621
76,大安區,敦煌里,,2541381.0,2776144.0,2521150.0,6388.0,6437.0,6400.0,6502.0,6502.0,,394.8082957899643,433.7725,387.74992310058445
77,大安區,義村里,,2216522.0,2385425.0,2147661.0,6199.0,6183.0,6163.0,6179.0,6179.0,,358.4864952288533,387.05581697225375,347.57420294546046
78,大安區,光信里,1386.0,1543212.0,1623417.0,1532601.0,8269.0,8265.0,8296.0,8313.0,8313.0,0.16761397992502117,186.71651542649727,195.68671648987464,184.36196319018404
79,大安區,昌隆里,30626.0,1327883.0,1450480.0,1321644.0,3191.0,3172.0,3168.0,3165.0,3165.0,9.597618301472892,418.6264186633039,457.85353535353534,417.5810426540284
80,大安區,誠安里,134585.0,1151707.0,1251503.0,1188550.0,4309.0,4368.0,4327.0,4366.0,4366.0,31.2334648410304,263.66918498168496,289.23110700254216,272.2285845167201
81,大安區,通化里,2124845.0,2402446.0,2685706.0,2544693.0,6358.0,6410.0,6440.0,6477.0,6477.0,334.2002201950299,374.7965678627145,417.03509316770186,392.8814265863826
82,大安區,義安里,2654322.0,2643961.0,2976515.0,2704063.0,5670.0,5695.0,5707.0,5679.0,5679.0,468.1343915343915,464.26005267778754,521.555107762397,476.15125902447613
83,大安區,通安里,2025295.0,2072581.0,2349135.0,2183717.0,5824.0,5871.0,5915.0,5901.0,5901.0,347.7498282967033,353.020098790666,397.14877430262044,370.0588035926114
84,大安區,仁愛里,19813.0,24010.0,57897.0,19256.0,5711.0,5653.0,5595.0,5603.0,5603.0,3.4692698301523377,4.2473023173536175,10.34798927613941,3.436730323041228
85,大安區,法治里,1876763.0,1730345.0,1928247.0,1785383.0,4627.0,4599.0,4606.0,4613.0,4613.0,405.61119515885025,376.2437486410089,418.6380807642206,387.0329503576848
86,大安區,仁慈里,5229.0,3247.0,2643.0,3400.0,5876.0,5825.0,5845.0,5839.0,5839.0,0.8898910823689585,0.5574248927038626,0.4521813515825492,0.5822914882685392
87,大安區,龍雲里,417772.0,401633.0,414086.0,381317.0,5209.0,5238.0,5164.0,5132.0,5132.0,80.20195814935688,76.67678503245513,80.1870642912471,74.301831644583
88,大安區,大學里,9101.0,7592.0,28854.0,6522.0,8791.0,8833.0,8961.0,8954.0,8954.0,1.0352633375042657,0.859504132231405,3.219953130231001,0.7283895465713648
89,大安區,黎孝里,637.0,2428.0,4731.0,2074.0,7712.0,7799.0,7810.0,7897.0,7897.0,0.08259854771784232,0.3113219643544044,0.6057618437900129,0.2626313790046853
90,大安區,華聲里,1502.0,3424.0,,4032.0,4577.0,4556.0,4556.0,4518.0,4518.0,0.3281625518898842,0.7515364354697103,,0.8924302788844621
91,大安區,正聲里,17.0,21440.0,30116.0,9360.0,5232.0,5207.0,5157.0,5201.0,5201.0,0.003249235474006116,4.117534088726714,5.839829358153965,1.7996539127090945
92,大安區,群英里,,,3355.0,2281.0,7573.0,7455.0,7533.0,7429.0,7429.0,,,0.44537368910128766,0.30703997846278097
93,大安區,和安里,,40.0,1647.0,,7511.0,7448.0,7511.0,7505.0,7505.0,,0.0053705692803437165,0.2192783916921848,
94,大安區,德安里,,,15000.0,32039.0,6109.0,6073.0,6028.0,6041.0,6041.0,,,2.4883875248838754,5.303592120509849
95,大安區,龍安里,,18328.0,,66.0,8074.0,8129.0,8144.0,8404.0,8404.0,,2.254643867634395,,0.007853403141361256
96,大安區,龍坡里,80.0,80.0,80.0,80.0,6475.0,6381.0,6279.0,6225.0,6225.0,0.012355212355212355,0.012537219871493496,0.012740882306099698,0.01285140562248996
97,大安區,芳和里,46877.0,2614.0,8677.0,2805.0,6129.0,6114.0,6114.0,6033.0,6033.0,7.648392886278349,0.42754334314687603,1.419201831861302,0.46494281452013925
98,大安區,黎和里,5504.0,4741.0,5310.0,4345.0,4886.0,4930.0,4981.0,5011.0,5011.0,1.1264838313548915,0.9616632860040568,1.06605099377635,0.8670923967272002
99,大安區,光明里,1992.0,1069.0,1393.0,23403.0,4136.0,3915.0,3890.0,3852.0,3852.0,0.4816247582205029,0.27305236270753513,0.35809768637532136,6.075545171339564
100,大安區,民炤里,37622.0,34616.0,47436.0,35506.0,8490.0,8404.0,8472.0,8467.0,8467.0,4.43133097762073,4.118990956687292,5.59915014164306,4.1934569505137596
101,大安區,虎嘯里,5011.0,14391.0,36750.0,21566.0,3759.0,3767.0,3791.0,3813.0,3813.0,1.3330673051343442,3.8202813910273425,9.694012134001582,5.655913978494624
102,大安區,黎元里,444611.0,411515.0,430130.0,442431.0,5676.0,5649.0,5751.0,5734.0,5734.0,78.33174770965469,72.84740662064083,74.79221005042601,77.15922567143356
103,大安區,臥龍里,917928.0,830179.0,917465.0,829130.0,1961.0,1996.0,1990.0,1987.0,1987.0,468.0917899031107,415.92134268537075,461.03768844221105,417.2773024660292
104,大安區,學府里,632775.0,549326.0,550054.0,485263.0,3171.0,3155.0,2978.0,2961.0,2961.0,199.55061494796595,174.11283676703644,184.7058428475487,163.88483620398515
105,大安區,古風里,1170088.0,1039007.0,1112538.0,1007611.0,4438.0,4452.0,4416.0,4423.0,4423.0,263.6520955385309,233.37982929020666,251.93342391304347,227.81166628984852
106,大安區,住安里,682822.0,638967.0,700357.0,754455.0,5582.0,5607.0,5574.0,5533.0,5533.0,122.32568971694734,113.95880149812734,125.64711158952278,136.35550334357492
107,大安區,永康里,99126.0,113198.0,127661.0,117229.0,4027.0,4099.0,4100.0,4046.0,4046.0,24.615346411720886,27.61600390339107,31.136829268292683,28.974048442906575
108,大安區,群賢里,733738.0,699334.0,785615.0,699867.0,6317.0,6224.0,6180.0,6191.0,6191.0,116.15292069020104,112.36086118251929,127.12216828478964,113.04587304151187
109,大安區,車層里,3569899.0,3443605.0,3587285.0,3156767.0,6729.0,6703.0,6685.0,6716.0,6716.0,530.5244464259176,513.7408623004625,536.617053103964,470.0367778439547
110,大安區,龍門里,1615719.0,1497533.0,1618691.0,1485425.0,4709.0,4675.0,4666.0,4676.0,4676.0,343.1129751539605,320.32791443850266,346.91191598799827,317.67001710863985
111,大安區,錦泰里,974654.0,923950.0,1010959.0,930468.0,4774.0,4218.0,4080.0,3818.0,3818.0,204.1587767071638,219.0493124703651,247.78406862745098,243.7056050288109
112,大安區,全安里,2341462.0,2083160.0,2351972.0,2137613.0,4681.0,4660.0,4649.0,4590.0,4590.0,500.20551164281136,447.0300429184549,505.9092277909228,465.71089324618737
113,大安區,龍泉里,1828804.0,1731223.0,1792315.0,1680165.0,5010.0,5031.0,5091.0,5183.0,5183.0,365.0307385229541,344.1111111111111,352.0555882930662,324.16843526914914
114,大安區,錦安里,1284624.0,1197511.0,1298247.0,1230833.0,6423.0,6496.0,6495.0,6537.0,6537.0,200.00373657169547,184.34590517241378,199.88406466512703,188.28713477130182
115,大安區,臨江里,1788648.0,1622935.0,1791537.0,1642636.0,4346.0,4314.0,4307.0,4323.0,4323.0,411.56189599631847,376.20190078813164,415.95936846993266,379.97594263243116
116,大安區,錦華里,1660506.0,1621966.0,1691215.0,1569119.0,5879.0,5957.0,6037.0,6088.0,6088.0,282.44701479843513,272.2789994963908,280.1416266357462,257.7396517739816
117,大安區,建倫里,3717914.0,3457496.0,3634966.0,3513407.0,6508.0,6459.0,6470.0,6497.0,6497.0,571.2836508912109,535.2989626877226,561.8185471406491,540.7737417269509
118,大安區,光武里,4316234.0,4044527.0,4260537.0,3878302.0,8239.0,8249.0,8202.0,8155.0,8155.0,523.8783832989441,490.3051278942902,519.4509875640088,475.57351318209686
119,大安區,龍淵里,2702322.0,2500281.0,2662076.0,2404883.0,10141.0,10288.0,10400.0,10363.0,10363.0,266.47490385563555,243.02886858475895,255.96884615384616,232.06436360127375
120,大安區,龍陣里,1517747.0,1384462.0,1534444.0,1388308.0,3659.0,3675.0,3672.0,3700.0,3700.0,414.79830554796393,376.7243537414966,417.8769063180828,375.21837837837836
121,大安區,古莊里,3117597.0,2807127.0,2985188.0,2752944.0,7267.0,7313.0,7298.0,7374.0,7374.0,429.0074308517958,383.8543689320388,409.04192929569746,373.33116354759966
122,大安區,新龍里,2013389.0,1802458.0,1997057.0,1757190.0,7249.0,7268.0,7341.0,7329.0,7329.0,277.7471375362119,247.9991744634012,272.04154747309633,239.7584936553418
123,大安區,龍生里,2159758.0,1981063.0,2205518.0,2012932.0,7155.0,7263.0,7236.0,7295.0,7295.0,301.85296995108314,272.7609803111662,304.797954671089,275.9331048663468
124,大安區,福住里,2147663.0,1972422.0,2212550.0,1941985.0,6748.0,6842.0,6814.0,6873.0,6873.0,318.26659751037346,288.2814966384098,324.7064866451424,282.55274261603375
125,大安區,龍圖里,2658364.0,2511954.0,2701785.0,2516349.0,7054.0,7049.0,7102.0,7116.0,7116.0,376.8590870428126,356.35607887643636,380.4259363559561,353.61846543001684
126,大安區,建安里,3151078.0,3000174.0,3154480.0,2893315.0,5289.0,5296.0,5303.0,5234.0,5234.0,595.7795424465872,566.4981117824774,594.8481991325665,552.7923194497516
127,中山區,永安里,1356459.0,3923979.0,3584419.0,3928263.0,9912.0,9926.0,10028.0,10081.0,10081.0,136.85018159806296,395.3232923634898,357.44106501794977,389.66997321694276
128,中山區,北安里,,659945.0,260512.0,789621.0,2855.0,2846.0,2843.0,2889.0,2889.0,,231.88510189739986,91.63278227224762,273.31983385254415
129,中山區,成功里,3011764.0,4124483.0,4410290.0,4350387.0,6693.0,6912.0,7060.0,7102.0,7102.0,449.98715075451963,596.7133969907408,624.6869688385269,612.5580118276541
130,中山區,正得里,21251.0,20927.0,4563.0,28501.0,3593.0,3682.0,3745.0,3789.0,3789.0,5.914556081269135,5.6835958718088,1.2184245660881174,7.522037476906836
131,中山區,下埤里,1450.0,,19135.0,15195.0,7698.0,7799.0,7837.0,7888.0,7888.0,0.18836061314627175,,2.441623070052316,1.926343813387424
132,中山區,圓山里,8134.0,1624.0,3711.0,17445.0,4210.0,4331.0,4420.0,4451.0,4451.0,1.932066508313539,0.37497113830524126,0.8395927601809955,3.9193439676477198
133,中山區,聚葉里,,,,7160.0,3835.0,3914.0,3927.0,3980.0,3980.0,,,,1.7989949748743719
134,中山區,新喜里,,,6960.0,,5460.0,5516.0,5524.0,5564.0,5564.0,,,1.2599565532223027,
135,中山區,新生里,,11200.0,3512.0,5360.0,5022.0,5063.0,5083.0,5175.0,5175.0,,2.2121271973138454,0.690930552823136,1.0357487922705313
136,中山區,行仁里,,,10966.0,19672.0,8397.0,8402.0,8468.0,8484.0,8484.0,,,1.2949929145016532,2.3187175860443188
137,中山區,行孝里,,,,,4158.0,4179.0,4218.0,4198.0,4198.0,,,,
138,中山區,復華里,,,30600.0,25720.0,4724.0,4806.0,4833.0,4864.0,4864.0,,,6.33147113594041,5.287828947368421
139,中山區,龍洲里,,,,3388.0,5195.0,5229.0,5215.0,5212.0,5212.0,,,,0.6500383729854182
140,中山區,朱園里,18.0,55796.0,32848.0,19641.0,4394.0,4531.0,4602.0,4691.0,4691.0,0.004096495220755576,12.314279408519091,7.1377661886136465,4.186953741206565
141,中山區,興亞里,1338.0,909.0,12658.0,5894.0,5268.0,5331.0,5424.0,5404.0,5404.0,0.2539863325740319,0.17051209904333145,2.3337020648967552,1.0906735751295338
142,中山區,集英里,54233.0,49636.0,97102.0,14442.0,7243.0,7343.0,7385.0,7454.0,7454.0,7.487643241750656,6.7596350265559035,13.148544346648611,1.9374832304802792
143,中山區,行政里,21532.0,17248.0,62059.0,82640.0,7718.0,7685.0,7695.0,7730.0,7730.0,2.7898419279606115,2.2443721535458687,8.064847303443795,10.690815006468306
144,中山區,大佳里,206178.0,2423.0,188452.0,189147.0,1152.0,1143.0,1132.0,1135.0,1135.0,178.97395833333334,2.1198600174978126,166.47703180212014,166.64933920704846
145,中山區,聚盛里,318099.0,369856.0,356596.0,302614.0,3916.0,4051.0,4168.0,4236.0,4236.0,81.2305924412666,91.29992594421131,85.5556621880998,71.43862134088764
146,中山區,中央里,239809.0,1827.0,257488.0,248623.0,3848.0,3872.0,3868.0,3851.0,3851.0,62.320426195426194,0.471849173553719,66.56876938986557,64.5606336016619
147,中山區,埤頭里,747787.0,896867.0,877512.0,763700.0,3579.0,3607.0,3607.0,3541.0,3541.0,208.93741268510757,248.6462434155808,243.28028832825063,215.67353854843265
148,中山區,力行里,1374313.0,1319006.0,1464929.0,1330870.0,5816.0,5897.0,5950.0,6076.0,6076.0,236.29865887207703,223.6740715618111,246.20655462184874,219.03719552337063
149,中山區,朱崙里,1628384.0,1520706.0,1592179.0,1522540.0,2982.0,2942.0,2983.0,2994.0,2994.0,546.0710932260228,516.8953093133922,533.750921890714,508.5303941215765
150,中山區,新福里,1068560.0,980254.0,1059869.0,1003896.0,5190.0,5196.0,5193.0,5233.0,5233.0,205.88824662813101,188.65550423402618,204.0957057577508,191.83948022167016
151,中山區,康樂里,1611421.0,1511684.0,1643301.0,1522715.0,2484.0,2575.0,2668.0,2684.0,2684.0,648.7202093397746,587.0617475728155,615.9299100449775,567.330476900149
152,中山區,江寧里,1446982.0,,1405884.0,1242556.0,6761.0,6970.0,7055.0,7120.0,7120.0,214.01893211063452,,199.27484053862509,174.51629213483147
153,中山區,正義里,3457393.0,3424802.0,3623874.0,3353003.0,4994.0,5250.0,5335.0,5368.0,5368.0,692.3093712454946,652.3432380952381,679.2641049671978,624.6279806259314
154,中山區,中庄里,2231329.0,2096725.0,2262441.0,2108485.0,5167.0,5129.0,5201.0,5251.0,5251.0,431.84226824075864,408.7980113082472,435.001153624303,401.53970672252905
155,中山區,正守里,1430408.0,1386438.0,1485614.0,1398739.0,3178.0,3209.0,3239.0,3300.0,3300.0,450.0969162995595,432.04674353381114,458.66440259339305,423.86030303030304
156,中山區,新庄里,1892064.0,1657005.0,1755072.0,1574795.0,5061.0,5086.0,5173.0,5231.0,5231.0,373.85180794309423,325.79728666928827,339.2754687802049,301.0504683616899
157,中山區,晴光里,2880883.0,2655672.0,2940755.0,2660461.0,5122.0,5234.0,5351.0,5432.0,5432.0,562.4527528309254,507.3886129155522,549.571108204074,489.77558910162
158,中山區,江山里,1848488.0,1268.0,1795233.0,1630112.0,7666.0,7743.0,7786.0,7832.0,7832.0,241.12809809548656,0.16376081622110295,230.57192396609298,208.13483146067415
159,中山區,朱馥里,1507610.0,1033.0,1506365.0,1331332.0,6272.0,6261.0,6235.0,6223.0,6223.0,240.37149234693877,0.16498961827184155,241.598235765838,213.9373292624136
160,中山區,松江里,1449773.0,1330293.0,1480557.0,1321568.0,6760.0,6828.0,6879.0,6959.0,6959.0,214.46346153846153,194.82908611599296,215.22852158744004,189.90774536571345
161,中山區,民安里,1670816.0,1336985.0,1506621.0,1363930.0,4918.0,4847.0,4815.0,4841.0,4841.0,339.7348515656771,275.8376315246544,312.90155763239875,281.7455071266267
162,中山區,恆安里,2636214.0,2451745.0,2617804.0,2462230.0,4303.0,4449.0,4678.0,4834.0,4834.0,612.6455960957471,551.0777702854574,559.5989739204788,509.35664046338434
163,中山區,中原里,2201332.0,692.0,2125218.0,1924800.0,5047.0,5089.0,5097.0,5128.0,5128.0,436.1664355062413,0.1359795637649833,416.9546792230724,375.3510140405616
164,中山區,中吉里,2509843.0,40.0,2431328.0,2234507.0,5812.0,5797.0,5846.0,5831.0,5831.0,431.8380935994494,0.006900120752113162,415.89599726308586,383.21162750814614
165,中山區,中山里,2904778.0,2677979.0,2942652.0,2664739.0,5918.0,6142.0,6264.0,6424.0,6424.0,490.83778303480904,436.0109084988603,469.77203065134097,414.8099315068493
166,中山區,劍潭里,1237641.0,1174796.0,1183174.0,1186546.0,3892.0,3888.0,3895.0,3899.0,3899.0,317.99614594039053,302.15946502057614,303.76739409499356,304.3205950243652
167,中山區,金泰里,4091215.0,3919945.0,4377171.0,3932571.0,7563.0,7619.0,7709.0,7801.0,7801.0,540.9513420600291,514.4959968499803,567.8001037748087,504.1111395974875
168,中山區,大直里,3360264.0,3046659.0,2530301.0,3519221.0,10326.0,10340.0,10319.0,10316.0,10316.0,325.4177803602557,294.6478723404255,245.20796588816745,341.14201240791004
169,中正區,螢圃里,736152.0,1408136.0,1578937.0,1438738.0,5543.0,5602.0,5692.0,5709.0,5709.0,132.80750496121235,251.36308461263835,277.3958186929023,252.01226134174112
170,中正區,網溪里,265694.0,925792.0,1018697.0,912320.0,5808.0,5868.0,5933.0,5993.0,5993.0,45.746212121212125,157.76959781867757,171.7001516939154,152.23093609210747
171,中正區,幸市里,4084.0,39897.0,56244.0,48652.0,4533.0,4586.0,4612.0,4689.0,4689.0,0.9009485991617031,8.699738334060184,12.195143104943625,10.37577308594583
172,中正區,文盛里,,,4669.0,2948.0,2725.0,2735.0,2741.0,2754.0,2754.0,,,1.7033929222911346,1.0704429920116194
173,中正區,東門里,,,,559.0,4607.0,4573.0,4595.0,4505.0,4505.0,,,,0.12408435072142064
174,中正區,永昌里,2176.0,1582.0,933.0,1763.0,5159.0,5182.0,5244.0,5242.0,5242.0,0.4217871680558248,0.3052875337707449,0.17791762013729978,0.3363220144982831
175,中正區,龍興里,,,,35166.0,4566.0,4596.0,4613.0,4545.0,4545.0,,,,7.737293729372937
176,中正區,水源里,,3236.0,,4722.0,3131.0,3154.0,3097.0,3079.0,3079.0,,1.0259987317691819,,1.5336148100032478
177,中正區,富水里,,97.0,,622.0,2984.0,2856.0,2927.0,2715.0,2715.0,,0.03396358543417367,,0.229097605893186
178,中正區,幸福里,385.0,120.0,7924.0,339.0,4893.0,4937.0,4965.0,4976.0,4976.0,0.07868383404864092,0.024306258861656875,1.5959718026183283,0.06812700964630225
179,中正區,龍光里,,,,,3952.0,3912.0,3965.0,3981.0,3981.0,,,,
180,中正區,龍福里,,,,,8489.0,8520.0,8259.0,8196.0,8196.0,,,,
181,中正區,南福里,18473.0,20633.0,28976.0,70898.0,10828.0,10954.0,11064.0,11153.0,11153.0,1.7060398965644625,1.8836041628628812,2.6189443239334778,6.356854657939568
182,中正區,林興里,762.0,698.0,426.0,11992.0,4818.0,4707.0,4963.0,4965.0,4965.0,0.1581569115815691,0.14828978117697048,0.08583518033447511,2.4153071500503525
183,中正區,永功里,3013.0,2859.0,2864.0,2907.0,6653.0,6750.0,6771.0,6776.0,6776.0,0.45287840072147906,0.4235555555555556,0.4229803574065869,0.4290141676505313
184,中正區,板溪里,193631.0,197724.0,196032.0,188256.0,3418.0,3459.0,3460.0,3492.0,3492.0,56.65038033937975,57.16218560277537,56.65664739884393,53.9106529209622
185,中正區,光復里,168467.0,197501.0,179051.0,204861.0,4173.0,4162.0,4165.0,4234.0,4234.0,40.37071651090343,47.45338779432965,42.989435774309726,48.384742560226734
186,中正區,建國里,271574.0,240350.0,262930.0,208561.0,1638.0,1629.0,1708.0,1732.0,1732.0,165.7960927960928,147.54450583179866,153.94028103044496,120.41628175519631
187,中正區,梅花里,2371266.0,2293963.0,2342794.0,2041134.0,3300.0,3289.0,3321.0,3367.0,3367.0,718.5654545454546,697.4651869869261,705.4483589280337,606.2174042174042
188,中正區,愛國里,996549.0,900095.0,945713.0,847821.0,3728.0,3775.0,3739.0,3668.0,3668.0,267.31464592274676,238.43576158940397,252.9320673976999,231.1398582333697
189,中正區,廈安里,936070.0,859019.0,950646.0,892911.0,4643.0,4740.0,4833.0,4920.0,4920.0,201.60887357312083,181.2276371308017,196.69894475481067,181.4859756097561
190,中正區,文北里,669902.0,646813.0,678237.0,621998.0,5689.0,5749.0,5751.0,5764.0,5764.0,117.75391105642468,112.50878413637155,117.93375065206051,107.91082581540597
191,中正區,河堤里,1686227.0,1546591.0,1663640.0,1575694.0,4478.0,4507.0,4645.0,4731.0,4731.0,376.5580616346583,343.1530951852674,358.1571582346609,333.0572817586134
192,中正區,螢雪里,1402014.0,1358412.0,1508762.0,1407121.0,4583.0,4574.0,4607.0,4589.0,4589.0,305.91621208815184,296.9855706165282,327.4933796396787,306.6291130965352
193,中正區,南門里,846469.0,814630.0,881030.0,806626.0,3118.0,3126.0,3072.0,3036.0,3036.0,271.4781911481719,260.59820857325656,286.7936197916667,265.6870882740448
194,中正區,頂東里,2315501.0,2166207.0,2308980.0,2151764.0,6008.0,6117.0,6220.0,6262.0,6262.0,385.40296271637817,354.12898479646884,371.21864951768487,343.6224848291281
195,中正區,忠勤里,1828552.0,1652534.0,1943566.0,1749649.0,6948.0,6984.0,7025.0,6983.0,6983.0,263.17674150834773,236.61712485681556,276.6641992882562,250.55835600744666
196,中正區,黎明里,2464736.0,2325401.0,2348430.0,2165681.0,3634.0,3644.0,3609.0,3622.0,3622.0,678.2432581177766,638.1451701427003,650.7148794679966,597.9240750966317
197,中正區,文祥里,2257001.0,2135439.0,2371684.0,2159506.0,8574.0,8493.0,8496.0,8523.0,8523.0,263.23781198973643,251.43518191451784,279.1530131826742,253.37392936759358
198,中正區,新營里,2720784.0,2573705.0,2928847.0,2650887.0,10178.0,10280.0,10323.0,10326.0,10326.0,267.32010218117506,250.36040856031127,283.7205269785915,256.7196397443347
199,中正區,三愛里,3257742.0,3016756.0,3647531.0,3217078.0,8650.0,8694.0,8725.0,8861.0,8861.0,376.61757225433524,346.99286864504256,418.0551289398281,363.0603769326261
200,大同區,南芳里,16.0,,,,4020.0,4120.0,4215.0,4262.0,4262.0,0.003980099502487562,,,
201,大同區,建明里,13532.0,14040.0,15815.0,47115.0,3529.0,3573.0,3605.0,3608.0,3608.0,3.834514026636441,3.929471032745592,4.386962552011096,13.058481152993348
202,大同區,建泰里,1089.0,120.0,12040.0,5480.0,3884.0,3933.0,3984.0,4042.0,4042.0,0.28038105046343975,0.03051106025934401,3.0220883534136544,1.355764473033152
203,大同區,隆和里,,,6556.0,12147.0,3243.0,3225.0,3208.0,3274.0,3274.0,,,2.043640897755611,3.71014050091631
204,大同區,蓬萊里,,,,,4936.0,5060.0,5070.0,5105.0,5105.0,,,,
205,大同區,揚雅里,,,,,4273.0,4365.0,4348.0,4367.0,4367.0,,,,
206,大同區,斯文里,132.0,12400.0,,,5427.0,5489.0,5525.0,5564.0,5564.0,0.024322830292979547,2.2590635817088724,,
207,大同區,景星里,426.0,821.0,1570.0,69599.0,2851.0,2882.0,2941.0,2917.0,2917.0,0.14942125569975448,0.28487161693268565,0.5338320299217953,23.85978745286253
208,大同區,延平里,2352.0,1175.0,2784.0,2629.0,4198.0,4205.0,4242.0,4290.0,4290.0,0.5602667937112911,0.2794292508917955,0.6562942008486563,0.6128205128205129
209,大同區,國順里,21977.0,24310.0,25515.0,19440.0,3134.0,3123.0,3129.0,3120.0,3120.0,7.012444160816847,7.784181876400897,8.154362416107382,6.230769230769231
210,大同區,大有里,24300.0,31747.0,25658.0,24993.0,5146.0,5211.0,5165.0,5172.0,5172.0,4.7221142635056355,6.092304739973134,4.967666989351404,4.832366589327147
211,大同區,建功里,720622.0,701069.0,780924.0,654416.0,4832.0,4882.0,4900.0,4833.0,4833.0,149.1353476821192,143.6028267103646,159.37224489795918,135.40575212083593
212,大同區,玉泉里,745383.0,703142.0,782981.0,700788.0,3216.0,3264.0,3214.0,3264.0,3264.0,231.77332089552237,215.4234068627451,243.61574362165527,214.70220588235293
213,大同區,國慶里,1167442.0,1095193.0,1158985.0,1000796.0,4353.0,4478.0,4456.0,4533.0,4533.0,268.1925109120147,244.57190710138454,260.09537701974864,220.78005735715863
214,大同區,老師里,1415757.0,1477762.0,1677194.0,1433190.0,6024.0,6139.0,6209.0,6302.0,6302.0,235.01942231075697,240.71705489493402,270.1230471895635,227.4182799111393
215,大同區,保安里,1230942.0,1153627.0,1272434.0,1162810.0,4279.0,4257.0,4300.0,4342.0,4342.0,287.6704837578874,270.99530185576697,295.9148837209302,267.80515891294334
216,大同區,光能里,1538893.0,1400335.0,1573429.0,1325694.0,5321.0,5417.0,5521.0,5569.0,5569.0,289.21123848900584,258.5074764629869,284.98985690998006,238.04884180283713
217,大同區,至聖里,1461213.0,1291142.0,1595482.0,1387761.0,7604.0,8043.0,8194.0,8292.0,8292.0,192.16372961599157,160.52990177794356,194.7134488650232,167.36143270622287
218,大同區,鄰江里,1582791.0,1684300.0,1823029.0,1553111.0,6456.0,6529.0,6585.0,6675.0,6675.0,245.16589219330854,257.9721243682034,276.8457099468489,232.6758052434457
219,大同區,朝陽里,1878428.0,1757081.0,1974311.0,1613869.0,4388.0,4422.0,4446.0,4603.0,4603.0,428.08295350957155,397.34984170058794,444.0645524066577,350.6124266782533
220,大同區,雙連里,2335485.0,2249661.0,2558748.0,2180912.0,10330.0,10401.0,10434.0,10427.0,10427.0,226.08760890609875,216.29276031150852,245.23174238067855,209.16006521530642
221,大同區,民權里,1928203.0,1826602.0,2088564.0,1888918.0,6540.0,6787.0,6912.0,7041.0,7041.0,294.8322629969419,269.13245911301016,302.16493055555554,268.2741087913649
222,大同區,星明里,1664471.0,1539999.0,1799755.0,1555143.0,5869.0,6086.0,6210.0,6318.0,6318.0,283.6038507411825,253.0395990798554,289.8156199677939,246.14482431149096
223,大同區,永樂里,2147110.0,2042094.0,2269410.0,2052661.0,5758.0,5750.0,5734.0,5717.0,5717.0,372.89162903786035,355.1467826086957,395.7813044994768,359.0451285639321
224,大同區,重慶里,1852499.0,1763953.0,2041391.0,1769706.0,7029.0,7168.0,7273.0,7336.0,7336.0,263.5508607198748,246.08719308035714,280.68073697236355,241.23582333696837
225,萬華區,日善里,785.0,749.0,832.0,2053.0,4004.0,3977.0,3945.0,3963.0,3963.0,0.19605394605394605,0.18833291425697762,0.2108998732572877,0.5180418874589957
226,萬華區,新忠里,833150.0,748664.0,979076.0,881913.0,3111.0,3338.0,3552.0,3683.0,3683.0,267.80777884924464,224.28520071899342,275.64076576576576,239.45506380667933
227,萬華區,福星里,7586.0,6210.0,21744.0,30666.0,5558.0,5579.0,5729.0,5760.0,5760.0,1.364879453040662,1.1131027065782397,3.795426776051667,5.323958333333334
228,萬華區,和德里,3818.0,5004.0,8452.0,2147.0,7457.0,7619.0,7681.0,7674.0,7674.0,0.5120021456349738,0.6567791048694054,1.1003775550058585,0.27977586656241854
229,萬華區,全德里,,,,3601.0,4459.0,4443.0,4446.0,4440.0,4440.0,,,,0.811036036036036
230,萬華區,保德里,,,,,3215.0,3394.0,3482.0,3518.0,3518.0,,,,
231,萬華區,銘德里,,,,,4833.0,4911.0,4909.0,4923.0,4923.0,,,,
232,萬華區,榮德里,,83921.0,,,3884.0,3872.0,3821.0,3827.0,3827.0,,21.673811983471076,,
233,萬華區,壽德里,,,,,5630.0,5650.0,5643.0,5623.0,5623.0,,,,
234,萬華區,興德里,,,8280.0,5696.0,5086.0,5094.0,5151.0,5220.0,5220.0,,,1.6074548631333723,1.0911877394636016
235,萬華區,華中里,81.0,,4046.0,,6330.0,6351.0,6356.0,6492.0,6492.0,0.012796208530805687,,0.6365638766519823,
236,萬華區,新起里,78.0,,18734.0,101240.0,6764.0,6787.0,6808.0,6814.0,6814.0,0.011531638083973979,,2.7517626321974147,14.857646022894041
237,萬華區,和平里,1876.0,1567.0,1757.0,2078.0,7254.0,7272.0,7257.0,7200.0,7200.0,0.25861593603529087,0.21548404840484048,0.24211106517844838,0.2886111111111111
238,萬華區,日祥里,109458.0,97232.0,113596.0,101807.0,5805.0,5876.0,5843.0,5783.0,5783.0,18.855813953488372,16.547311095983662,19.44138285127503,17.604530520491096
239,萬華區,新和里,2066441.0,1835974.0,2107506.0,2079069.0,8194.0,8148.0,8217.0,8877.0,8877.0,252.18952892360264,225.32817869415808,256.4811975173421,234.20851639067251
240,萬華區,孝德里,309185.0,281007.0,315819.0,292967.0,3376.0,3447.0,3492.0,3539.0,3539.0,91.58323459715639,81.52219321148826,90.44072164948453,82.78242441367618
241,萬華區,富民里,249511.0,218344.0,240872.0,211591.0,5455.0,5453.0,5470.0,5397.0,5397.0,45.73987167736022,40.041078305519896,44.03510054844607,39.205299240318695
242,萬華區,凌霄里,1057736.0,997332.0,1089936.0,965358.0,3960.0,4019.0,4031.0,4003.0,4003.0,267.1050505050505,248.1542672306544,270.3884892086331,241.15863102672995
243,萬華區,福音里,491909.0,471032.0,526275.0,472458.0,3660.0,3718.0,3717.0,3708.0,3708.0,134.40136612021857,126.68961807423346,141.58595641646488,127.41585760517799
244,萬華區,騰雲里,919204.0,830769.0,961989.0,832643.0,3143.0,3124.0,3116.0,3127.0,3127.0,292.4607063315304,265.9311779769526,308.7256097560976,266.2753437799808
245,萬華區,柳鄉里,1002846.0,909268.0,1008987.0,898866.0,5498.0,5566.0,5620.0,5689.0,5689.0,182.40196435067298,163.3611210923464,179.53505338078293,158.00070311126737
246,萬華區,菜園里,912081.0,877053.0,939749.0,880049.0,6141.0,6151.0,6137.0,6311.0,6311.0,148.52320468978994,142.58705901479433,153.1284014991038,139.4468388527967
247,萬華區,忠貞里,1163777.0,1123650.0,1292615.0,1171638.0,5157.0,5188.0,5216.0,5165.0,5165.0,225.66938142330812,216.5863531225906,247.81729294478527,226.84181994191675
248,萬華區,仁德里,570322.0,520954.0,594334.0,572902.0,4592.0,4780.0,4830.0,4814.0,4814.0,124.19904181184668,108.98619246861925,123.05051759834369,119.00747818861653
249,萬華區,富福里,1455517.0,1313313.0,1458435.0,1362344.0,6114.0,6290.0,6304.0,6374.0,6374.0,238.06297023225383,208.79379968203497,231.35072969543148,213.7345465955444
250,萬華區,綠堤里,1293258.0,1124239.0,1264236.0,1129946.0,4752.0,4743.0,4703.0,4617.0,4617.0,272.15025252525254,237.03120387940123,268.81479906442695,244.7359757418237
251,萬華區,忠德里,1327760.0,1182100.0,1351957.0,1221850.0,4716.0,4714.0,4656.0,4693.0,4693.0,281.5436810856658,250.76368264743317,290.36877147766324,260.35584913701257
252,萬華區,雙園里,1333732.0,1279827.0,1416686.0,1293843.0,4890.0,5002.0,5060.0,5112.0,5112.0,272.74683026584864,255.86305477808875,279.9774703557312,253.09917840375587
253,萬華區,西門里,1169083.0,1177837.0,1296097.0,1121822.0,4013.0,3975.0,3992.0,4064.0,4064.0,291.323947171692,296.3111949685535,324.6735971943888,276.0388779527559
254,萬華區,錦德里,1797271.0,1605639.0,1815159.0,1636862.0,5603.0,5710.0,5775.0,5786.0,5786.0,320.7694092450473,281.19772329246933,314.31324675324674,282.9004493605254
255,萬華區,頂碩里,2325582.0,2174837.0,2411963.0,2147941.0,7773.0,7874.0,7868.0,7726.0,7726.0,299.18718641451176,276.2048514097028,306.55350788002033,278.0146259383898
256,萬華區,青山里,880821.0,826196.0,918610.0,766948.0,5973.0,5970.0,6018.0,5974.0,5974.0,147.46710195881465,138.39128978224457,152.6437354602858,128.38098426514898
257,萬華區,糖廍里,1829014.0,1614736.0,1810631.0,1688228.0,,,,,,,,,
258,萬華區,萬壽里,1595215.0,1481074.0,1725998.0,1493043.0,3434.0,3519.0,3574.0,3641.0,3641.0,464.53552708212,420.8792270531401,482.9317291550084,410.06399340840426
259,萬華區,華江里,2667196.0,2302504.0,2566171.0,2268386.0,8749.0,8726.0,8776.0,8857.0,8857.0,304.8572408275231,263.86706394682557,292.4078167730173,256.11222761657444
260,萬華區,新安里,1125032.0,1028417.0,1187745.0,1047345.0,6522.0,6584.0,6526.0,6538.0,6538.0,172.4980067463968,156.19942284325637,182.0019920318725,160.19348424594676
261,文山區,萬興里,986311.0,2795242.0,3027521.0,2826984.0,8620.0,8606.0,8784.0,8873.0,8873.0,114.42122969837587,324.8015338136184,344.6631375227687,318.6052068071678
262,文山區,樟新里,1530403.0,1407653.0,1696526.0,1436310.0,5928.0,6046.0,6048.0,5996.0,5996.0,258.16514844804317,232.82385047965596,280.51025132275134,239.54469646430954
263,文山區,樟腳里,1653942.0,1464818.0,1664384.0,1458133.0,5794.0,5886.0,5917.0,5988.0,5988.0,285.45771487745947,248.86476384641523,281.2884907892513,243.50918503674015
264,文山區,指南里,1020784.0,1134506.0,1116947.0,1202908.0,3427.0,3560.0,3694.0,3862.0,3862.0,297.8651882112635,318.6814606741573,302.36789388197076,311.4728120145003
265,文山區,博嘉里,1671387.0,1697364.0,1876160.0,1759854.0,5495.0,5578.0,5718.0,5822.0,5822.0,304.165059144677,304.2961634994622,328.1147254284715,302.276537272415
266,文山區,老泉里,179746.0,186072.0,221671.0,209117.0,955.0,977.0,1002.0,983.0,983.0,188.21570680628272,190.45240532241556,221.22854291417167,212.73346897253307
267,文山區,興光里,332695.0,305041.0,349484.0,397782.0,3620.0,3614.0,3679.0,3697.0,3697.0,91.90469613259668,84.40536801328169,94.99429192715412,107.59588855829051
268,文山區,政大里,1876724.0,2457901.0,2679634.0,2654355.0,6929.0,7225.0,7515.0,7733.0,7733.0,270.8506277962188,340.1939100346021,356.5713905522289,343.25035561877667
269,文山區,樟文里,1679938.0,1552938.0,1755396.0,1574826.0,6531.0,6596.0,6613.0,6663.0,6663.0,257.22523350176084,235.4363250454821,265.4462422501134,236.35389464205312
270,文山區,興邦里,,12960.0,,,4542.0,4672.0,4735.0,4865.0,4865.0,,2.7739726027397262,,
271,文山區,樟樹里,1353258.0,1213867.0,1374150.0,1176052.0,5066.0,5091.0,5107.0,5178.0,5178.0,267.1255428345835,238.43390296601845,269.0718621499902,227.12475859405177
272,文山區,景行里,,7017.0,12635.0,,7054.0,7140.0,7233.0,7500.0,7500.0,,0.9827731092436974,1.7468546937646896,
273,文山區,景東里,,,,,7723.0,7744.0,7694.0,7721.0,7721.0,,,,
274,文山區,景美里,,,4760.0,,5418.0,5415.0,5471.0,5554.0,5554.0,,,0.8700420398464632,
275,文山區,景慶里,44.0,314.0,284.0,265.0,7152.0,7160.0,7180.0,7046.0,7046.0,0.006152125279642058,0.04385474860335196,0.03955431754874652,0.03760999148453023
276,文山區,景仁里,,,,,4906.0,4983.0,5010.0,5104.0,5104.0,,,,
277,文山區,景華里,,,14840.0,,6263.0,6268.0,6324.0,6246.0,6246.0,,,2.3466160657811512,
278,文山區,萬有里,,,,,5606.0,5686.0,5749.0,5871.0,5871.0,,,,
279,文山區,萬祥里,67.0,,,,4875.0,4967.0,4904.0,4972.0,4972.0,0.013743589743589744,,,
280,文山區,萬隆里,419.0,,13400.0,2399.0,7804.0,7798.0,7743.0,7713.0,7713.0,0.053690415171706814,,1.730595376469069,0.3110333203682095
281,文山區,萬年里,13.0,,,,5415.0,5569.0,5627.0,5679.0,5679.0,0.0024007386888273315,,,
282,文山區,萬和里,,,,5502.0,2991.0,3263.0,3312.0,3367.0,3367.0,,,,1.634095634095634
283,文山區,萬盛里,,,26520.0,,4757.0,4795.0,4875.0,4969.0,4969.0,,,5.44,
284,文山區,興豐里,,,9920.0,,4940.0,4936.0,4941.0,5088.0,5088.0,,,2.00769075086015,
285,文山區,興業里,,,,,5515.0,5574.0,5614.0,5607.0,5607.0,,,,
286,文山區,興安里,,,,41.0,6762.0,6803.0,6864.0,6820.0,6820.0,,,,0.006011730205278593
287,文山區,興福里,,,,,6457.0,6408.0,6356.0,6342.0,6342.0,,,,
288,文山區,興旺里,,,,,8065.0,8251.0,8435.0,8517.0,8517.0,,,,
289,文山區,興泰里,,,,,4000.0,3966.0,4042.0,4066.0,4066.0,,,,
290,文山區,興昌里,209787.0,188779.0,185532.0,171028.0,6978.0,7001.0,6997.0,7047.0,7047.0,30.064058469475494,26.96457648907299,26.515935400886093,24.26961827728111
291,文山區,興得里,269888.0,,254013.0,243044.0,6330.0,6355.0,6324.0,6319.0,6319.0,42.636334913112165,,40.16650853889943,38.46241493907264
292,文山區,忠順里,1245193.0,1144176.0,1315714.0,1279255.0,3885.0,3910.0,3993.0,4025.0,4025.0,320.5129987129987,292.6281329923274,329.5051339844728,317.8273291925466
293,文山區,萬美里,2247769.0,2007296.0,2309994.0,2226438.0,7284.0,7342.0,7359.0,7548.0,7548.0,308.5899231191653,273.3990738218469,313.90052996331025,294.97058823529414
294,文山區,萬芳里,2611662.0,2393382.0,2553158.0,2501501.0,8226.0,8236.0,8247.0,8337.0,8337.0,317.48869438366154,290.6000485672657,309.58627379653205,300.04809883651194
295,文山區,興家里,2026536.0,1866222.0,2010831.0,1875837.0,7750.0,7862.0,7977.0,7937.0,7937.0,261.48851612903223,237.37242431951157,252.07860097781122,236.34080886985006
296,文山區,明義里,1388769.0,997097.0,1350936.0,1194748.0,4886.0,4882.0,4736.0,4643.0,4643.0,284.234343020876,204.23945104465383,285.24831081081084,257.3224208485893
297,文山區,明興里,1998300.0,1816876.0,1978536.0,1825595.0,7110.0,7153.0,7211.0,7244.0,7244.0,281.0548523206751,254.00195722074653,274.3774788517543,252.0147708448371
298,文山區,木新里,2674254.0,2389571.0,2704402.0,2412610.0,10049.0,10221.0,10347.0,10443.0,10443.0,266.1214051149368,233.7903336268467,261.3706388325118,231.02652494493918
299,文山區,試院里,2273442.0,,2235173.0,1983273.0,7038.0,7152.0,7220.0,7266.0,7266.0,323.0238704177323,,309.5807479224377,272.9525185796862
300,文山區,樟林里,2278607.0,2075990.0,1552285.0,1351511.0,8758.0,8855.0,8913.0,8902.0,8902.0,260.17435487554235,234.44268774703556,174.15965443733873,151.82105144911256
301,文山區,順興里,1964050.0,1769551.0,2022792.0,1789413.0,7579.0,7774.0,7880.0,8118.0,8118.0,259.14368650217705,227.62426035502958,256.6994923857868,220.42535107169255
302,文山區,木柵里,2922609.0,2747741.0,3024734.0,2816951.0,8954.0,8957.0,8850.0,9063.0,9063.0,326.4026133571588,306.77023556994527,341.77785310734464,310.8188237890323
303,文山區,華興里,2991535.0,527973.0,2917028.0,2732421.0,9005.0,9033.0,9101.0,9187.0,9187.0,332.2082176568573,58.44935237462637,320.51730579057244,297.42255360835964
304,南港區,仁福里,,1449759.0,1549195.0,1470235.0,5849.0,5847.0,5910.0,5997.0,5997.0,,247.9492047203694,262.1311336717428,245.1617475404369
305,南港區,東新里,1890323.0,1632420.0,1912253.0,1691761.0,7205.0,7395.0,7494.0,7668.0,7668.0,262.36266481609994,220.74645030425964,255.17120362957033,220.62610850286907
306,南港區,新富里,65608.0,60207.0,72587.0,51277.0,4215.0,4254.0,4221.0,4257.0,4257.0,15.565361803084222,14.153032440056418,17.19663586827766,12.04533709184872
307,南港區,新光里,920.0,881.0,11254.0,605.0,3926.0,3944.0,3947.0,3998.0,3998.0,0.23433520122261844,0.22337728194726167,2.851279452748923,0.1513256628314157
308,南港區,舊莊里,,4941.0,3202.0,,9671.0,9728.0,9792.0,9837.0,9837.0,,0.5079152960526315,0.3270016339869281,
309,南港區,中研里,,,1626.0,,9396.0,9475.0,9448.0,9564.0,9564.0,,,0.17209991532599492,
310,南港區,九如里,,,,,6486.0,6682.0,6730.0,6733.0,6733.0,,,,
311,南港區,重陽里,1830546.0,1673962.0,1817744.0,1693805.0,4636.0,4354.0,4411.0,5352.0,5352.0,394.8546160483175,384.4653192466697,412.0934028564951,316.480754857997
312,南港區,中南里,32290.0,36470.0,45343.0,30909.0,4178.0,4129.0,4061.0,4027.0,4027.0,7.728578267113451,8.832647130055703,11.165476483624722,7.6754407747703
313,南港區,百福里,1505025.0,1360628.0,1473302.0,1397043.0,5322.0,5437.0,5520.0,5607.0,5607.0,282.793122886133,250.25344859297405,266.9025362318841,249.1605136436597
314,南港區,東明里,1577632.0,1524758.0,1717219.0,1458613.0,5679.0,5694.0,5753.0,4962.0,4962.0,277.80102130656803,267.7832806462944,298.49104814879195,293.9566706972995
315,南港區,聯成里,1564071.0,1385839.0,1597943.0,1417449.0,5348.0,5411.0,5407.0,5429.0,5429.0,292.45905011219145,256.1151358344114,295.53227297947103,261.08841407257324
316,南港區,成福里,1667486.0,1573513.0,1682764.0,1841939.0,6722.0,7560.0,7811.0,7872.0,7872.0,248.0639690568283,208.1366402116402,215.43515554986558,233.98615345528455
317,南港區,南港里,1687280.0,1468345.0,1876797.0,1941700.0,6610.0,6711.0,6758.0,6713.0,6713.0,255.26172465960667,218.79675160184772,277.7148564664102,289.2447489944883
318,南港區,鴻福里,1573549.0,1378920.0,1345233.0,1239627.0,4751.0,4772.0,4778.0,4859.0,4859.0,331.20374657966744,288.96060352053644,281.54730012557553,255.11977773204364
319,南港區,萬福里,1580949.0,1430678.0,1428463.0,1304131.0,4269.0,4289.0,4292.0,4359.0,4359.0,370.3323963457484,333.56913033341107,332.81989748369057,299.18123422803393
320,南港區,玉成里,1501531.0,1400.0,1441409.0,1434191.0,5112.0,5167.0,5187.0,5207.0,5207.0,293.7267214397496,0.2709502612734662,277.8887603624446,275.4351834069522
321,南港區,西新里,1486553.0,470989.0,1281547.0,1185822.0,4994.0,4978.0,5041.0,5070.0,5070.0,297.66780136163396,94.61410204901567,254.2247569926602,233.88994082840236
322,南港區,三重里,1644159.0,1664233.0,2058386.0,2139893.0,4662.0,5423.0,6015.0,6529.0,6529.0,352.67245817245816,306.88419693896367,342.20881130507064,327.7520294072599
323,南港區,合成里,2619843.0,2424619.0,2423878.0,2049440.0,7100.0,7240.0,7176.0,7217.0,7217.0,368.9919718309859,334.8921270718232,337.77564102564105,283.97395039490095
324,內湖區,西湖里,885318.0,2986617.0,3423478.0,3027965.0,7805.0,7870.0,7796.0,7837.0,7837.0,113.42959641255605,379.49390088945364,439.1326321190354,386.3678703585556
325,內湖區,西康里,2760344.0,4166200.0,4401723.0,3901149.0,9192.0,9386.0,9459.0,9629.0,9629.0,300.29852045256746,443.87385467717877,465.3476054551221,405.1458095337003
326,內湖區,金湖里,218.0,158.0,205.0,257.0,10008.0,10119.0,10346.0,10402.0,10402.0,0.021782573940847323,0.015614191125605296,0.01981442103228301,0.024706787156316093
327,內湖區,康寧里,,,,,9426.0,9544.0,9644.0,9568.0,9568.0,,,,
328,內湖區,明湖里,,,,,5453.0,5591.0,5760.0,5874.0,5874.0,,,,
329,內湖區,蘆洲里,,,,,1278.0,1313.0,1316.0,1338.0,1338.0,,,,
330,內湖區,安湖里,,,,,8382.0,8454.0,8400.0,8450.0,8450.0,,,,
331,內湖區,秀湖里,,13769.0,,100.0,6400.0,6442.0,6477.0,6457.0,6457.0,,2.1373796957466626,,0.015487068297971194
332,內湖區,安泰里,,,,,5585.0,5721.0,5757.0,5847.0,5847.0,,,,
333,內湖區,寶湖里,93786.0,93564.0,98392.0,91649.0,7072.0,7995.0,8195.0,8511.0,8511.0,13.261595022624434,11.70281425891182,12.00634533251983,10.768299847256491
334,內湖區,南湖里,,,6098.0,153.0,5624.0,5834.0,5866.0,6003.0,6003.0,,,1.0395499488578248,0.025487256371814093
335,內湖區,五分里,,,15480.0,,11517.0,11576.0,11772.0,11795.0,11795.0,,,1.3149847094801224,
336,內湖區,東湖里,,,7040.0,1332.0,9093.0,9047.0,8956.0,8879.0,8879.0,,,0.7860652076820009,0.1500168937943462
337,內湖區,樂康里,,,5189.0,,9072.0,8928.0,9187.0,9292.0,9292.0,,,0.564819854141722,
338,內湖區,內溝里,,,,,4991.0,5004.0,5060.0,5061.0,5061.0,,,,
339,內湖區,紫星里,,2587.0,4427.0,2470.0,8267.0,8195.0,8249.0,8309.0,8309.0,,0.3156802928615009,0.536671111649897,0.2972680226260681
340,內湖區,大湖里,,,5875.0,9600.0,5504.0,5548.0,5647.0,5724.0,5724.0,,,1.0403754205772977,1.6771488469601676
341,內湖區,碧山里,537.0,4687.0,120.0,1551.0,7275.0,7310.0,7319.0,7378.0,7378.0,0.07381443298969072,0.6411764705882353,0.016395682470282825,0.2102195716996476
342,內湖區,紫雲里,,,,2367.0,6067.0,6096.0,6130.0,6177.0,6177.0,,,,0.38319572608062163
343,內湖區,清白里,,,,14636.0,8222.0,8336.0,8502.0,8628.0,8628.0,,,,1.6963375057950858
344,內湖區,葫洲里,205.0,,86.0,,7694.0,7758.0,7720.0,7799.0,7799.0,0.026644138289576295,,0.011139896373056995,
345,內湖區,金龍里,150373.0,137095.0,172283.0,319986.0,5638.0,5586.0,5597.0,5668.0,5668.0,26.671337353671515,24.54260651629073,30.781311416830444,56.45483415666902
346,內湖區,西安里,2062310.0,1986554.0,2178681.0,2028587.0,6701.0,6818.0,6797.0,6876.0,6876.0,307.7615281301298,291.3690231739513,320.5356775047815,295.0242873763816
347,內湖區,港華里,2609413.0,2501104.0,2668879.0,2468787.0,9151.0,9333.0,9491.0,9559.0,9559.0,285.15058463555897,267.9849994642666,281.2010325571594,258.2683335076891
348,內湖區,港都里,1847831.0,1783061.0,1877871.0,1747626.0,5669.0,5747.0,5932.0,5941.0,5941.0,325.9536073381549,310.25943970767355,316.56625084288606,294.163608820064
349,內湖區,瑞光里,1379106.0,1217807.0,1368739.0,1190299.0,4748.0,4778.0,4833.0,4820.0,4820.0,290.4604043807919,254.87798241942235,283.20691082143594,246.95
350,內湖區,金瑞里,796590.0,764516.0,843021.0,610472.0,6941.0,7061.0,7043.0,7070.0,7070.0,114.76588387840368,108.27304914318086,119.69629419281556,86.34681753889674
351,內湖區,湖濱里,2936894.0,2698618.0,3056950.0,2808030.0,8458.0,8486.0,8529.0,8507.0,8507.0,347.2326791203594,318.0082488805091,358.4183374369797,330.08463618196777
352,內湖區,石潭里,910922.0,301937.0,1148241.0,1242057.0,2857.0,3247.0,3455.0,3690.0,3690.0,318.8386419320966,92.98952879581152,332.34182344428365,336.6008130081301
353,內湖區,麗山里,2107541.0,1976346.0,2128453.0,2139285.0,5906.0,6079.0,6167.0,6288.0,6288.0,356.84744327802235,325.11037999671,345.13588454678126,340.21708015267177
354,內湖區,行善里,2023877.0,1317.0,2038066.0,1796005.0,6653.0,6798.0,6808.0,6871.0,6871.0,304.20517059972946,0.19373345101500442,299.36339600470035,261.38917188182216
355,內湖區,紫陽里,2676009.0,2381117.0,2661251.0,2293752.0,8073.0,8077.0,8218.0,8415.0,8415.0,331.4764028242289,294.8021542651975,323.83195424677535,272.5789661319073
356,內湖區,港富里,3137870.0,2785299.0,3236063.0,2736443.0,9892.0,10026.0,10041.0,10097.0,10097.0,317.2128993125758,277.8076002393776,322.28493177970324,271.0154501337031
357,內湖區,港墘里,2586839.0,2673096.0,2796367.0,2356991.0,6250.0,6331.0,6369.0,6403.0,6403.0,413.89424,422.22334544305795,439.059035955409,368.1072934561924
358,內湖區,內湖里,2248348.0,2109055.0,2288185.0,1814528.0,6054.0,6099.0,6043.0,6095.0,6095.0,371.38222662702344,345.8034103951467,378.65050471620054,297.7076292042658
359,內湖區,瑞陽里,2644644.0,2351296.0,2637948.0,2147150.0,8147.0,8112.0,8164.0,8215.0,8215.0,324.6156867558611,289.85404339250493,323.11954924056835,261.36944613511866
360,內湖區,湖興里,2382357.0,2183055.0,2406923.0,1757782.0,8386.0,8704.0,8660.0,8820.0,8820.0,284.08740758406867,250.810546875,277.93568129330254,199.2950113378685
361,內湖區,週美里,2375791.0,326626.0,2716722.0,2517864.0,6584.0,6920.0,7325.0,7667.0,7667.0,360.84310449574724,47.20028901734104,370.8835494880546,328.40276509716966
362,內湖區,湖元里,3439637.0,2775000.0,3135058.0,3079796.0,5617.0,5756.0,5812.0,5807.0,5807.0,612.361936977034,482.10562890896455,539.4112181693049,530.3592216290683
363,士林區,陽明里,1397253.0,1509864.0,1545493.0,1557877.0,3112.0,3135.0,3164.0,3146.0,3146.0,448.9887532133676,481.6153110047847,488.4617572692794,495.1929434202161
364,士林區,福林里,1093322.0,1239400.0,1331791.0,1269223.0,3293.0,3267.0,3250.0,3232.0,3232.0,332.013969025205,379.36945209672484,409.7818461538462,392.70513613861385
365,士林區,岩山里,151932.0,161373.0,164868.0,155026.0,3622.0,3710.0,3709.0,3662.0,3662.0,41.94699061292104,43.496765498652294,44.45079536263144,42.33369743309667
366,士林區,芝山里,132592.0,136217.0,143333.0,137479.0,7928.0,7956.0,7945.0,7956.0,7956.0,16.72452068617558,17.121292106586225,18.04065449968534,17.27991452991453
367,士林區,三玉里,,5909.0,15322.0,,5884.0,6047.0,6082.0,6205.0,6205.0,,0.9771787663304118,2.519237093061493,
368,士林區,天母里,216.0,539.0,416.0,1749.0,7062.0,7142.0,7084.0,7147.0,7147.0,0.03058623619371283,0.0754690562867544,0.058723884810841336,0.24471806352315656
369,士林區,天山里,,6110.0,9920.0,,7570.0,7600.0,7512.0,7402.0,7402.0,,0.8039473684210526,1.3205537806176784,
370,士林區,天玉里,,,20080.0,,9249.0,9281.0,9312.0,9346.0,9346.0,,,2.156357388316151,
371,士林區,公館里,40.0,40.0,40.0,40.0,1470.0,1455.0,1469.0,1494.0,1494.0,0.027210884353741496,0.027491408934707903,0.02722940776038121,0.02677376171352075
372,士林區,新安里,,,5440.0,,2142.0,2132.0,2125.0,2094.0,2094.0,,,2.56,
373,士林區,平等里,40.0,,40.0,40.0,1522.0,1510.0,1523.0,1537.0,1537.0,0.026281208935611037,,0.026263952724885097,0.026024723487312947
374,士林區,蘭雅里,,,,496.0,8910.0,8973.0,9012.0,9144.0,9144.0,,,,0.0542432195975503
375,士林區,蘭興里,,,,18591.0,6765.0,6812.0,6860.0,6870.0,6870.0,,,,2.706113537117904
376,士林區,天福里,,,1665.0,,6641.0,6645.0,6728.0,6690.0,6690.0,,,0.2474732461355529,
377,士林區,天祿里,,,,4600.0,5336.0,5366.0,5397.0,5546.0,5546.0,,,,0.8294266137756942
378,士林區,天壽里,,,15761.0,,5237.0,5290.0,5276.0,5342.0,5342.0,,,2.987300985595148,
379,士林區,天和里,,,,,8332.0,8228.0,8185.0,8109.0,8109.0,,,,
380,士林區,東山里,404.0,64320.0,,,5599.0,5543.0,5556.0,5509.0,5509.0,0.072155742096803,11.60382464369475,,
381,士林區,德行里,,20154.0,8458.0,10076.0,4503.0,4555.0,4604.0,4580.0,4580.0,,4.424588364434687,1.8370981754995657,2.2
382,士林區,德華里,,651.0,9989.0,3797.0,5978.0,5948.0,5956.0,5964.0,5964.0,,0.10944855413584398,1.6771323035594359,0.636653252850436
383,士林區,聖山里,,,,333.0,5426.0,5376.0,5367.0,5391.0,5391.0,,,,0.06176961602671119
384,士林區,忠誠里,,,4203.0,12920.0,5803.0,5892.0,6000.0,5994.0,5994.0,,,0.7005,2.1554888221554886
385,士林區,名山里,360.0,676.0,,,7500.0,7468.0,7532.0,7522.0,7522.0,0.048,0.09051955008034279,,
386,士林區,永福里,342721.0,404419.0,377560.0,344144.0,1353.0,1336.0,1361.0,1338.0,1338.0,253.30450849963046,302.70883233532936,277.4136664217487,257.2077727952167
387,士林區,菁山里,300319.0,321523.0,291915.0,310594.0,1741.0,1735.0,1720.0,1714.0,1714.0,172.4979896611143,185.31585014409222,169.71802325581396,181.2100350058343
388,士林區,溪山里,484761.0,505016.0,489597.0,499380.0,1474.0,1489.0,1496.0,1521.0,1521.0,328.87449118046135,339.1645399597045,327.27072192513367,328.32347140039445
389,士林區,翠山里,762009.0,754508.0,700492.0,692792.0,2835.0,2826.0,2802.0,2772.0,2772.0,268.78624338624337,266.98796886058034,249.9971448965025,249.92496392496392
390,士林區,福安里,1055137.0,1045933.0,1120160.0,1007890.0,4953.0,5022.0,5006.0,4977.0,4977.0,213.0298808802746,208.27021107128633,223.7634838194167,202.50954390194897
391,士林區,富洲里,1299135.0,1338972.0,1404158.0,1269959.0,5799.0,5784.0,5802.0,5857.0,5857.0,224.02741852043457,231.49585062240664,242.01275422268182,216.8275567696773
392,士林區,義信里,1413024.0,1443711.0,1580846.0,1487212.0,3579.0,3552.0,3466.0,3452.0,3452.0,394.8097233864208,406.4501689189189,456.1009809578765,430.8261877172653
393,士林區,臨溪里,1894995.0,1864694.0,1854726.0,1766486.0,3077.0,3075.0,3071.0,3054.0,3054.0,615.8579785505362,606.4045528455284,603.9485509605992,578.4171578258022
394,士林區,葫東里,1243990.0,1157616.0,1191812.0,1060814.0,4048.0,4118.0,4182.0,4295.0,4295.0,307.3097826086956,281.1112190383681,284.986131037781,246.98812572759022
395,士林區,承德里,2167423.0,1980938.0,2180967.0,2218822.0,5857.0,5892.0,5967.0,6015.0,6015.0,370.056855045245,336.2080787508486,365.50477626948214,368.88146300914383
396,士林區,福中里,2069864.0,1893876.0,2157596.0,1981890.0,7203.0,7327.0,7389.0,7501.0,7501.0,287.3613772039428,258.479050088713,292.0010826904859,264.21677109718706
397,士林區,仁勇里,1887044.0,1853846.0,1834028.0,1714811.0,4309.0,4349.0,4339.0,4290.0,4290.0,437.93084242283595,426.2694872384456,422.68448951371283,399.7228438228438
398,士林區,舊佳里,2119996.0,2059677.0,2020139.0,1854358.0,6321.0,6351.0,6384.0,6398.0,6398.0,335.38933713020094,324.30751062824754,316.437813283208,289.8340106283213
399,士林區,福順里,1685251.0,1538808.0,1637977.0,1427617.0,5338.0,5449.0,5549.0,5642.0,5642.0,315.70831772199324,282.4019086070839,295.18417732924854,253.03385324353067
400,士林區,社子里,1754978.0,6240.0,1747508.0,1587762.0,6680.0,6817.0,6836.0,6802.0,6802.0,262.7212574850299,0.9153586621681091,255.63311878291398,233.42575713025582
401,士林區,福德里,2056992.0,1947542.0,2316248.0,2150616.0,6262.0,6239.0,6128.0,6034.0,6034.0,328.488022995848,312.1561147619811,377.97780678851177,356.41630759032154
402,士林區,社園里,1919696.0,655367.0,1858680.0,1660118.0,7748.0,7837.0,7859.0,7811.0,7811.0,247.76664945792461,83.62472885032538,236.50337193027102,212.53591089489183
403,士林區,前港里,1604573.0,1518996.0,1706074.0,1320141.0,4884.0,4855.0,4849.0,4893.0,4893.0,328.5366502866503,312.8725025746653,351.8403794596824,269.80196198651134
404,士林區,福志里,2802910.0,2577610.0,2727476.0,2507432.0,7831.0,7876.0,7954.0,7921.0,7921.0,357.92491380411184,327.2739969527679,342.90621071159165,316.5549804317637
405,士林區,葫蘆里,2047492.0,1941674.0,2102306.0,1870869.0,7913.0,7971.0,7985.0,8144.0,8144.0,258.7504107165424,243.59227198594905,263.28190356919225,229.72360019646365
406,士林區,百齡里,2076937.0,1799945.0,1893569.0,1637725.0,7729.0,7718.0,7739.0,7722.0,7722.0,268.7200155259413,233.213915522156,244.67876986690786,212.0855995855996
407,士林區,明勝里,1608259.0,1424185.0,1551086.0,1395206.0,5123.0,5180.0,5167.0,5217.0,5217.0,313.9291430802264,274.93918918918916,300.1908263982969,267.4345409239026
408,士林區,富光里,1633536.0,1476845.0,1604149.0,1416342.0,6262.0,6296.0,6297.0,6308.0,6308.0,260.8648993931651,234.56877382465058,254.74813403207878,224.53107165504122
409,士林區,永倫里,2163774.0,1156599.0,2043522.0,1827019.0,7396.0,7509.0,7605.0,7741.0,7741.0,292.56003244997294,154.028365960847,268.7076923076923,236.0184730654954
410,士林區,後港里,2821220.0,2585064.0,2711864.0,2479663.0,8415.0,8496.0,8562.0,8610.0,8610.0,335.260843731432,304.2683615819209,316.73253912637233,287.99802555168407
411,士林區,社新里,2484989.0,749.0,2409451.0,2160523.0,8900.0,9171.0,9221.0,9328.0,9328.0,279.2122471910112,0.08167048304437902,261.30040125799803,231.61695969125213
412,士林區,福佳里,3062114.0,2826521.0,2965771.0,2697727.0,8188.0,8286.0,8286.0,8346.0,8346.0,373.97581827063993,341.12008206613564,357.92553705044656,323.23592139947283
413,士林區,福華里,1890718.0,1663733.0,1755121.0,1541540.0,6970.0,7007.0,7072.0,6870.0,6870.0,271.2651362984218,237.43870415298986,248.17887443438914,224.3871906841339
414,北投區,湖山里,450661.0,696380.0,695858.0,629748.0,1879.0,1852.0,1815.0,1836.0,1836.0,239.84087280468333,376.0151187904968,383.39283746556475,343.0
415,北投區,洲美里,251111.0,,277586.0,303400.0,2198.0,2199.0,2211.0,2256.0,2256.0,114.2452229299363,,125.54771596562641,134.48581560283688
416,北投區,湖田里,199560.0,217804.0,223176.0,234490.0,1021.0,1003.0,1014.0,1099.0,1099.0,195.4554358472086,217.15254237288136,220.09467455621302,213.36669699727025
417,北投區,大屯里,253.0,,,100.0,1248.0,1255.0,1260.0,1243.0,1243.0,0.20272435897435898,,,0.08045052292839903
418,北投區,關渡里,40.0,,3246.0,10680.0,11309.0,11435.0,11571.0,11823.0,11823.0,0.0035370059244849237,,0.28052890847809175,0.9033240294341538
419,北投區,清江里,120.0,120.0,120.0,18840.0,9795.0,9804.0,9789.0,9805.0,9805.0,0.01225114854517611,0.012239902080783354,0.01225865767698437,1.9214686384497706
420,北投區,豐年里,,,,,4732.0,4883.0,4892.0,4938.0,4938.0,,,,
421,北投區,桃源里,344.0,422.0,,4866.0,5806.0,5946.0,6128.0,6314.0,6314.0,0.059249052704099206,0.07097208207198116,,0.7706683560342097
422,北投區,建民里,,,,23575.0,4116.0,4150.0,4220.0,4489.0,4489.0,,,,5.251726442414792
423,北投區,文林里,,,,,4589.0,4546.0,4448.0,4427.0,4427.0,,,,
424,北投區,石牌里,,,,,5541.0,5624.0,5709.0,5745.0,5745.0,,,,
425,北投區,福興里,,,,21331.0,7556.0,7577.0,7646.0,7628.0,7628.0,,,,2.7964079706345046
426,北投區,榮光里,,,7885.0,111.0,7897.0,8014.0,8078.0,8144.0,8144.0,,,0.9761079475117603,0.01362966601178782
427,北投區,榮華里,,,,10588.0,7950.0,7932.0,7931.0,7986.0,7986.0,,,,1.3258201853243174
428,北投區,裕民里,,,,,7908.0,7985.0,7949.0,8025.0,8025.0,,,,
429,北投區,振華里,,,,,8104.0,8074.0,8148.0,8151.0,8151.0,,,,
430,北投區,永欣里,,,33080.0,,8096.0,8106.0,8122.0,8161.0,8161.0,,,4.072888451120414,
431,北投區,永明里,,,,1710.0,5215.0,5279.0,5322.0,5314.0,5314.0,,,,0.32179149416635305
432,北投區,東華里,,40.0,40.0,40.0,4869.0,4816.0,4849.0,4753.0,4753.0,,0.008305647840531562,0.008249123530624871,0.008415737428992216
433,北投區,吉利里,,,,2283.0,7513.0,7551.0,7511.0,7614.0,7614.0,,,,0.2998423955870764
434,北投區,吉慶里,,227.0,,,5682.0,5683.0,5729.0,5793.0,5793.0,,0.03994369171212388,,
435,北投區,尊賢里,,,,,5120.0,5088.0,5132.0,5149.0,5149.0,,,,
436,北投區,立賢里,,,,,5884.0,5965.0,5936.0,5979.0,5979.0,,,,
437,北投區,立農里,,2382.0,,,9588.0,9702.0,9710.0,9707.0,9707.0,,0.24551638837353124,,
438,北投區,一德里,801.0,2141.0,572.0,504.0,7045.0,7225.0,7361.0,7541.0,7541.0,0.11369765791341377,0.29633217993079586,0.07770683331069148,0.06683463731600583
439,北投區,八仙里,6400.0,5680.0,13466.0,8265.0,5655.0,5663.0,5700.0,5780.0,5780.0,1.1317418213969939,1.0030019424333392,2.362456140350877,1.429930795847751
440,北投區,中央里,4355.0,4073.0,8333.0,116948.0,9142.0,9210.0,9217.0,9251.0,9251.0,0.4763727849485889,0.44223669923995657,0.9040902679830748,12.64166036104205
441,北投區,秀山里,2719.0,2873.0,2916.0,1925.0,3468.0,3472.0,3484.0,3505.0,3505.0,0.7840253748558247,0.8274769585253456,0.8369690011481056,0.5492154065620543
442,北投區,大同里,11541.0,22250.0,14994.0,156886.0,6205.0,6266.0,6297.0,6283.0,6283.0,1.859951651893634,3.5509096712416213,2.381133873272987,24.969918828585072
443,北投區,稻香里,28869.0,,69029.0,68017.0,5157.0,5208.0,5224.0,5294.0,5294.0,5.598022105875509,,13.213820826952526,12.847941065357007
444,北投區,永和里,63511.0,56682.0,48394.0,58562.0,9358.0,9409.0,9438.0,9563.0,9563.0,6.786813421671297,6.024232118184717,5.127569400296673,6.1238105197113875
445,北投區,泉源里,616137.0,641555.0,679512.0,743680.0,2518.0,2501.0,2557.0,2518.0,2518.0,244.69301032565528,256.51939224310274,265.745795854517,295.3455123113582
446,北投區,奇岩里,760301.0,2957102.0,3253603.0,2830728.0,9945.0,9974.0,9878.0,9876.0,9876.0,76.45057817998995,296.48105073190294,329.37872038874264,286.6269744835966
447,北投區,中和里,417872.0,381429.0,425893.0,644293.0,5187.0,5258.0,5270.0,5254.0,5254.0,80.56140350877193,72.54260174971472,80.8146110056926,122.62904453749525
448,北投區,林泉里,1188488.0,1026605.0,1138564.0,912153.0,3418.0,3434.0,3498.0,3559.0,3559.0,347.71445289643066,298.95311589982526,325.4899942824471,256.2947457150885
449,北投區,溫泉里,1692275.0,1802682.0,2006811.0,1798102.0,6882.0,7006.0,7030.0,7000.0,7000.0,245.89872130194712,257.305452469312,285.4638691322902,256.8717142857143
450,北投區,中心里,2189371.0,1740452.0,2249695.0,1826000.0,6391.0,6503.0,6539.0,6636.0,6636.0,342.5709591613206,267.6383207750269,344.04266707447624,275.1657625075347
451,北投區,開明里,1957525.0,1851184.0,2098898.0,1734906.0,6520.0,6654.0,6727.0,6791.0,6791.0,300.2338957055215,278.2061917643523,312.01100044596404,255.47135915181858
452,北投區,文化里,1123429.0,1532.0,1052605.0,921753.0,4562.0,4558.0,4560.0,4622.0,4622.0,246.2580008768084,0.33611232996928475,230.8344298245614,199.42730419731717
453,北投區,長安里,1939118.0,1111207.0,1984064.0,1645260.0,6211.0,6257.0,6345.0,6429.0,6429.0,312.2070520045081,177.59421447978264,312.69724192277386,255.91227251516565
454,北投區,智仁里,1606980.0,954363.0,1581995.0,1175993.0,6445.0,6554.0,6585.0,6648.0,6648.0,249.33747090768037,145.61534940494354,240.24221716021262,176.89425391095065
455,北投區,中庸里,1376804.0,1266570.0,1405213.0,888589.0,4565.0,4571.0,4614.0,4591.0,4591.0,301.6,277.08816451542333,304.55418292154314,193.5502069265955
456,,,,,,,5750.0,5764.0,5759.0,5783.0,5783.0,,,,
