,lon,lat,mPET_v_11,Ta2_11,PET_v_11,WBGT_11,mPET_v_12,Ta2_12,PET_v_12,WBGT_12,mPET_v_13,Ta2_13,PET_v_13,WBGT_13,mPET_v_14,Ta2_14,PET_v_14,WBGT_14
24.963715_121.4306,121.4306,24.963715,43.52809472656234,30.647095,43.28809472656239,31.662419624328617,43.45845971679679,30.92746,43.24845971679683,31.94464507865906,43.64767114257798,30.806671,43.38767114257803,31.651597129821777,43.41142114257799,31.650421,43.11142114257805,32.96309624671936
24.963806_121.45114,121.45114,24.963806,44.10204492187496,29.821045,43.73204492187484,32.03132120513916,42.73354028320301,30.07254,42.33354028320309,32.244205694198605,44.29943749999994,29.898438,43.95643750000008,32.07426356315612,43.114641357421824,30.763641,42.65464135742172,33.35437220573425
24.963875_121.47168,121.47168,24.963875,44.36845117187488,29.637451,44.01845117187494,31.97594676971436,42.16754663085933,29.866547,41.42754663085928,32.151583005905145,43.66564843749984,29.764648,43.24564843749992,32.04389990997314,42.60398828125012,30.562988,42.30398828124987,33.27923867607117
24.963943_121.49225,121.49225,24.963943,44.06119555664074,30.019196,43.720195556640505,32.29848802566528,42.26821411132833,30.263214,41.704214111328056,32.42274304771423,43.71531640624991,30.174316,43.50531640624995,32.23858905982971,42.86557031249984,30.93457,42.33557031249994,33.55695834541321
24.964012_121.51276,121.51276,24.964012,43.35819726562492,30.877197,43.30819726562493,31.99096264839173,42.500882812499945,31.129883,41.92088281249986,32.140687807083125,43.6880458984374,31.097046,43.45804589843745,31.954456899642945,43.98951318359373,31.788513,43.89951318359375,33.27060870361328
24.96408_121.533325,121.533325,24.96408,43.40666284179678,30.835663,43.26666284179681,31.91652534866333,41.7065712890624,31.085571,41.1965712890625,32.04951172637939,43.36884057617184,31.06784,43.21884057617186,31.87887342262268,43.22113427734367,31.700134,42.62113427734359,33.20935074043274
24.964142_121.55386,121.55386,24.964142,42.38889184570303,29.807892,41.860891845703215,31.97943532943725,41.36869897460933,30.047699,40.68869897460927,32.031006858825684,43.00843408203108,30.057434,42.738434082031134,31.953607988357543,43.06968286132805,30.618683,42.70768286132813,33.199477447509764
24.964203_121.5744,121.5744,24.964203,41.02511499023432,28.624115,40.125114990234295,31.311447336196903,41.1188576660156,28.897858,40.31885766601556,31.34498106002808,41.61079858398426,28.949799,40.95179858398458,31.343741928100588,42.59240502929687,29.471405,42.17240502929676,32.51780904388428
24.964264_121.59494,121.59494,24.964264,40.10408715820305,27.633087,39.16408715820304,30.4832449131012,39.778290039062334,27.84729,38.98829003906249,30.469616189956664,41.21233666992183,27.901337,40.66233666992174,30.46614538002014,41.42349169921877,28.341492,40.922491699218654,31.63428541755676
24.964302_121.61548,121.61548,24.964302,40.35602319335924,27.555023,39.33602319335924,30.67386754798889,38.40105249023426,27.710052,37.75805249023448,30.65132785987854,39.84855078125008,27.78955,38.98055078124998,30.58302070808411,40.71171655273428,28.140717,39.891716552734245,31.723378124237065
24.96437_121.63605,121.63605,24.96437,40.73827294921863,28.017273,39.82827294921861,31.138656255722044,39.08743554687482,28.096436,38.24743554687499,31.08087787437439,40.89510156249988,28.204102,39.98510156249986,30.93292137718201,41.898514648437455,28.577515,41.42851464843735,32.11501751327514
24.982338_121.43051,121.43051,24.982338,43.530130859374985,31.35913,43.35013085937482,32.030617387771606,42.48084252929672,31.619843,42.04084252929681,32.28179035186768,44.97421777343741,31.423218,45.10421777343738,31.96016985893249,43.55799584960935,32.326996,43.21799584960922,33.28234773254395
24.982422_121.45105,121.45105,24.982422,43.68340966796864,31.03241,43.48340966796868,31.799871726989743,42.58207666015621,31.291077,42.05207666015612,32.0596142616272,45.66937524414055,31.178375,46.04937524414047,31.819635833740232,43.460561767578056,32.01956,43.19056176757811,33.10296014595031
24.982498_121.47162,121.47162,24.982498,44.76982861328127,30.686829,44.607828613281086,31.60447671699524,41.99530053710946,30.9393,41.45030053710929,31.85417398834229,42.99561547851561,30.824615,42.85361547851577,31.648590812683107,42.4850844726561,31.624084,41.945084472656205,32.9415887184143
24.982574_121.49216,121.49216,24.982574,44.86023950195306,30.43924,44.59023950195312,32.504475378036496,41.85916284179685,30.648163,41.18916284179679,32.61082381820678,44.17011499023426,30.499115,43.93011499023431,32.3916127204895,42.91027490234365,31.319275,42.24027490234359,33.766535297393794
24.982628_121.512695,121.512695,24.982628,44.58678002929682,31.20578,44.446780029296846,32.082176340103146,42.11008569335927,31.469086,41.62008569335936,32.22554815673828,45.371086669922086,31.370087,45.44208666992192,32.025361385345455,43.823893066406136,32.152893,43.74389306640615,33.37622909927368
24.98272_121.533264,121.533264,24.98272,44.43818505859372,31.177185,44.48818505859371,32.03453276634216,41.71868310546871,31.437683,41.44568310546895,32.16170844078064,43.87082299804679,31.349823,43.78082299804681,31.977129327774048,43.45999902343745,32.099,43.127999023437646,33.33141401290893
24.982765_121.5538,121.5538,24.982765,43.8603701171877,30.85437,43.735370117187344,31.867690793991088,41.75751733398426,31.086517,41.1225173339845,31.960978338241578,43.72821801757802,31.117218,43.518218017578064,31.8611568069458,43.7437902832033,31.72879,43.49979028320299,33.12717404174804
24.982841_121.57434,121.57434,24.982841,42.30261376953123,30.091614,41.84261376953112,31.433108348846435,41.40069775390629,30.327698,40.848697753906166,31.50843638801575,41.428459228515806,30.41446,40.79545922851557,31.467510925292967,42.44661767578117,30.945618,41.98661767578137,32.682544736862184
24.98288_121.59488,121.59488,24.98288,40.98974145507808,28.678741,40.10974145507806,31.343149141311645,40.48863305664053,28.917633,39.6486330566405,31.366798877716064,40.40899682617181,28.977997,39.59899682617177,31.37294182014465,41.77329003906246,29.47229,41.02329003906241,32.53138515853882
24.98294_121.61542,121.61542,24.98294,40.502761474609336,28.211761,39.54276147460933,31.127827810287474,39.90750390624992,28.416504,38.997503906249904,31.172765874862677,40.70262475585937,28.571625,39.672624755859374,31.175281354904172,42.12794946289061,28.96695,41.58794946289052,32.33091500282287
24.982994_121.63599,121.63599,24.982994,40.91243554687493,28.471436,40.0824355468749,31.42090135383606,40.46050927734359,28.55951,39.69050927734374,31.387296075820924,41.3923525390624,28.761353,40.932352539062485,31.34517025947571,42.84126855468738,29.150269,42.34126855468748,32.55693857955932
25.000977_121.43042,121.43042,25.000977,43.765080810546834,31.46408,43.69508081054685,32.11234554672241,42.09519067382808,31.76419,41.79019067382828,32.33098594474792,44.102446533203015,31.451447,44.202446533203,31.956956129074097,43.368705078124826,32.397705,42.80870507812494,33.3183598575592
25.001053_121.45099,121.45099,25.001053,44.060648437499886,31.389648,43.93064843749991,32.01754080200195,42.53215234374985,31.681152,42.01215234374995,32.21919652557373,45.14625024414051,31.47525,45.16625024414051,31.949884887695315,43.34073144531232,32.34973,42.88073144531241,33.28034974861145
25.001122_121.47153,121.47153,25.001122,44.74255273437494,31.341553,44.69255273437495,31.97479454421997,42.75502221679688,31.654022,42.24502221679678,32.16640405464172,44.59724755859374,31.466248,44.56724755859375,31.964545501708987,43.288794433593935,32.276794,42.94779443359364,33.26593915367126
25.001198_121.492065,121.492065,25.001198,44.648709960937445,31.27771,44.50870996093747,31.98537747955322,42.2643752441405,31.553375,41.7843752441406,32.158423992156976,45.058257080078015,31.407257,45.008257080078025,31.98161563491821,43.50356591796871,32.192566,43.19556591796896,33.28038164901733
25.001251_121.512634,121.512634,25.001251,45.26347924804671,31.32248,45.123479248046735,32.02492063331604,42.27515771484363,31.574158,41.98515771484369,32.170797578811644,45.01072656249991,31.469727,44.92072656249993,32.01088546180725,43.41163110351561,32.24063,42.89163110351552,33.31918201255798
25.001343_121.53317,121.53317,25.001343,45.750284667968685,31.329285,46.27028466796858,32.082357608795164,42.17990869140615,31.568909,41.65290869140627,32.211397932052606,44.03590356445304,31.494904,43.92590356445306,32.04245456695556,43.52645288085934,32.245453,43.17645288085921,33.36538981628418
25.001404_121.55371,121.55371,25.001404,45.586222167968685,31.165222,45.586222167968685,32.03871553039551,41.82623315429681,31.395233,41.3762331542967,32.138347679138185,43.078958984374886,31.407959,42.76895898437495,32.02692967796325,43.472940917968685,32.05194,43.19294091796874,33.29634117889404
25.001472_121.57428,121.57428,25.001472,43.73678076171879,30.66278,43.543780761718594,31.812224159240724,40.964382568359376,30.873383,40.45438256835928,31.90163462257385,41.54728051757802,30.90628,41.157280517578094,31.83608279037476,42.57083276367189,31.484833,41.9758327636718,33.05680627822876
25.00151_121.59482,121.59482,25.00151,43.90447778320312,29.783478,43.57447778320299,32.181557857513425,40.80691064453111,29.99591,40.18691064453123,32.21085214042663,42.51001123046868,30.049011,42.08001123046889,32.2107000541687,43.01806665039056,30.587067,42.73806665039061,33.40981784629821
25.001556_121.61536,121.61536,25.001556,42.63327539062496,29.332275,42.13327539062486,31.8286552028656,41.45649316406233,29.505493,40.69649316406248,31.8561303100586,43.39572412109362,29.654724,43.10572412109368,31.846004583358766,44.60386376953117,30.122864,44.23386376953125,33.07689788055419
25.001617_121.635925,121.635925,25.001617,42.07552368164068,29.005524,41.56652368164053,31.70931774711609,41.58245996093743,29.12146,40.78245996093739,31.74518253517151,43.83206445312492,29.341064,43.38406445312511,31.721781330108644,44.63457055664047,29.75357,44.23457055664055,32.94339916801452
25.0196_121.43033,121.43033,25.0196,44.94755273437492,31.466553,44.95755273437492,32.09671049118042,42.61496362304674,31.843964,42.21496362304682,32.327193401336665,44.15584252929676,31.494843,44.19584252929676,31.93352356147766,43.450097412109486,32.406097,43.00709741210928,33.3134681148529
25.019669_121.4509,121.4509,25.019669,44.86369775390619,31.452698,44.923697753906175,32.07015249633789,42.70810815429672,31.817108,42.2681081542968,32.27010560798645,44.760051513671854,31.559052,44.87005151367183,31.97410151290893,43.2405678710936,32.369568,42.95056787109365,33.320934377670284
25.019753_121.471436,121.471436,25.019753,45.17520410156237,31.434204,45.29520410156235,32.055849693298335,42.6650161132811,31.804016,42.26501611328118,32.21697029495239,44.248954101562376,31.527954,44.27895410156237,31.97689630317688,43.27202416992171,32.331024,42.75202416992181,33.31379676055908
25.019821_121.492004,121.492004,25.019821,45.62667871093748,31.445679,45.566678710937495,32.066116479873656,42.64526147460922,31.774261,42.325261474609285,32.20213979339599,44.6100249023438,31.538025,44.509024902343576,31.999661823272703,43.58426171874997,32.34326,43.20426171874985,33.32928824996948
25.019875_121.51254,121.51254,25.019875,45.69291528320309,31.431915,45.92291528320305,32.076691015243526,42.45956811523424,31.688568,42.01956811523433,32.204016921997066,44.23224999999988,31.53125,44.31224999999986,32.01810945320129,43.55619531249997,32.325195,43.01619531249988,33.35098754119873
25.019943_121.53311,121.53311,25.019943,45.67863549804683,31.357635,45.64863549804684,32.066163515090935,42.59897412109388,31.560974,42.19197412109365,32.19505554008484,44.000847412109295,31.499847,43.82084741210933,32.02537565612793,43.73395043945305,32.24295,43.23395043945295,33.35462506866455
25.02002_121.55365,121.55365,25.02002,45.53760644531244,31.146606,45.667606445312416,31.997165700912475,42.44962426757812,31.308624,41.88962426757803,32.123588811874384,43.40269775390629,31.327698,43.1886977539061,31.98971050453186,43.842241455077975,31.991241,43.81224145507798,33.29335555839538
25.02008_121.57422,121.57422,25.02008,44.93161767578115,30.320618,45.31161767578107,32.2663572101593,42.1576760253905,30.436676,41.537676025390624,32.33211207199096,43.71765283203123,30.506653,43.3476528320311,32.24240028572083,43.96249047851548,31.12149,43.82249047851551,33.53532172203064
25.020142_121.59476,121.59476,25.020142,44.68926660156235,29.848267,44.4792666015624,32.16183939552307,41.69556909179675,29.96457,40.89556909179671,32.243856323242184,44.07992700195295,30.118927,43.68992700195303,32.19208881378174,44.0948610839843,30.613861,43.72486108398437,33.44120438957214
25.020187_121.615326,121.615326,25.020187,44.52925561523421,29.618256,44.319255615234255,32.060754545211786,41.56378930664047,29.70279,40.803789306640624,32.13462913894653,43.72859277343736,29.907593,43.32859277343744,32.083168062210085,44.126445556640505,30.425446,43.70644555664059,33.39045621109008
25.020248_121.635864,121.635864,25.020248,42.30482812499999,29.173828,41.86482812499988,31.74942302322388,41.90782617187489,29.246826,41.517826171874965,31.831852859497072,43.46404077148421,29.52304,42.9940407714843,31.77567649078369,44.286931396484334,29.985931,43.87693139648422,33.03148651123047
25.038216_121.43024,121.43024,25.038216,43.94084008789054,31.42984,43.820840087890566,32.08023453521728,43.20832055664057,31.84732,42.77832055664046,32.30718482589722,43.76108178710934,31.490082,43.66108178710936,31.902470304489132,43.03499414062488,32.343994,42.65499414062496,33.26645854377747
25.038284_121.450806,121.450806,25.038284,44.61445947265624,31.48346,44.63445947265624,32.098934907913204,43.23963159179682,31.878632,42.956631591796906,32.31472429656982,44.590629638672056,31.57663,44.5676296386717,31.96732101440429,43.30135156249983,32.36035,42.82135156249993,33.315998071670535
25.038383_121.471375,121.471375,25.038383,44.42781640624983,31.486816,44.38781640624984,32.09696816635132,42.8266726074217,31.845673,42.3366726074218,32.27890696716308,44.52396752929671,31.572968,44.46396752929672,32.00422617340088,43.79138330078118,32.330383,43.44138330078125,33.31894960594177
25.038452_121.49191,121.49191,25.038452,44.40244531249984,31.481445,44.49444531250018,32.09906268119811,42.6386586914061,31.787659,42.1186586914062,32.249264039993285,44.658373046875,31.557373,44.668373046875,32.01862957572936,44.19635766601547,32.335358,44.25635766601546,33.32988136291504
25.03852_121.51248,121.51248,25.03852,44.83653588867182,31.455536,44.77653588867183,32.09548318099976,42.40010644531238,31.709106,41.91010644531248,32.24473417663574,44.73053124999998,31.519531,44.80053124999996,32.01484406471252,44.048749023437374,32.31775,44.05874902343737,33.34855101394653
25.038582_121.53302,121.53302,25.038582,45.538490234375,31.42749,45.47149023437511,32.10128861427307,42.295074707031134,31.614075,41.735074707031245,32.24751253890991,44.47798852539045,31.506989,44.52898852539079,32.0370419807434,43.82357202148429,32.292572,43.7835720214843,33.380200662612914
25.038643_121.55359,121.55359,25.038643,45.73419946289057,31.3732,45.75419946289057,32.09386515808105,42.41844628906234,31.507446,41.84844628906245,32.25316863822937,44.30820336914048,31.477203,44.26820336914049,32.049980653762816,44.09110253906235,32.230103,44.101102539062346,33.391393596649166
25.038704_121.57416,121.57416,25.038704,44.76018701171861,30.979187,44.750187011718616,31.89155800247192,42.453397460937445,31.082397,41.88339746093736,32.044198097229,44.12855151367207,31.121552,44.06255151367171,31.8629430179596,44.10144555664058,31.800446,44.07144555664059,33.181821376800535
25.038757_121.594696,121.594696,25.038757,44.35249291992174,30.561493,44.112492919921785,31.67536385917664,42.174126220703045,30.673126,41.61412622070296,31.83491003990173,42.72294335937482,30.741943,42.23294335937492,31.65954793548584,43.82624536132805,31.345245,43.66624536132808,32.947144493103025
25.03881_121.615265,121.615265,25.03881,44.353939453125,30.26294,44.18393945312484,32.09572346687317,42.291961914062334,30.360962,41.54196191406248,32.24982355308533,42.92096948242181,30.49997,42.63096948242187,32.0741422214508,43.81094628906237,31.069946,43.62094628906241,33.374340332031245
25.038872_121.6358,121.6358,25.038872,43.08050805664055,29.589508,42.68050805664063,31.833197540283205,42.46647363281237,29.735474,42.04647363281246,32.01540261650085,42.81964868164047,29.958649,42.60964868164052,31.84198473167419,43.92192529296869,30.510925,43.74192529296872,33.14284645080566
25.056839_121.430176,121.430176,25.056839,43.93719384765614,31.286194,43.757193847656175,32.00148713302612,42.8937697753906,31.68277,42.50376977539048,32.20970333099365,43.39569287109379,31.322693,43.1736928710936,31.83103413772583,42.841959472656136,32.17096,42.32195947265624,33.172114566802975
25.056915_121.450714,121.450714,25.056915,44.23770410156237,31.496704,44.1277041015624,32.09752376556396,43.00709863281249,31.876099,42.68709863281236,32.33727792358398,44.00441552734368,31.563416,44.06441552734367,31.9679384059906,43.41618603515626,32.328186,43.09918603515612,33.286974395751955
25.056984_121.47128,121.47128,25.056984,43.971599365234304,31.5206,44.03159936523429,32.097978576660154,42.679948974609225,31.828949,42.2999489746093,32.33716193771362,44.375920654296735,31.57492,44.47592065429672,32.00137052345276,44.24619531249984,32.325195,44.13619531249986,33.30388717842102
25.057083_121.49182,121.49182,25.057083,44.01473291015617,31.513733,43.94473291015618,32.10106620979309,42.5752016601561,31.744202,42.03520166015621,32.30912271118164,44.48820214843733,31.507202,44.53520214843765,31.988679752349856,44.39958984375005,32.32959,44.406589843750034,33.31872309303284
25.057137_121.51239,121.51239,25.057137,44.27835473632799,31.507355,44.28835473632799,32.11289654541015,42.46441064453112,31.68341,42.154410644531175,32.29153417778015,44.65332055664061,31.47232,44.53532055664069,31.99789520454407,44.154253173827975,32.303253,44.054253173828,33.34680081176757
25.057198_121.53296,121.53296,25.057198,44.826748291015576,31.485748,44.74674829101559,32.12531838035584,42.53876611328109,31.647766,42.15876611328117,32.295926706314084,44.93878320312493,31.477783,45.03878320312491,32.02363233184814,43.98505761718738,32.284058,43.955057617187386,33.373178201675415
25.057274_121.55353,121.55353,25.057274,45.129558349609255,31.428558,45.24955834960923,32.13096625709534,42.38589013671861,31.57489,41.95589013671869,32.307490211486815,44.37745019531234,31.48645,44.33745019531235,32.066498157501215,43.7380495605468,32.25705,43.408049560546864,33.39071607780456
25.057335_121.5741,121.5741,25.057335,45.83456445312493,31.403564,46.08456445312488,32.16052793121338,42.41355249023422,31.522552,41.83355249023433,32.326032764434814,43.579555908203126,31.488556,43.37955590820297,32.10199024581909,43.90452050781239,32.23352,43.44452050781248,33.41240485191345
25.05738_121.594635,121.594635,25.05738,45.614103027343695,31.243103,45.53410302734371,32.083328977584834,42.65190087890621,31.3609,42.29190087890608,32.25986004447937,43.65902246093746,31.348022,43.669022460937455,32.04679907035828,44.0472731933592,32.086273,43.89727319335923,33.34020292091369
25.057434_121.615204,121.615204,25.057434,45.77853417968738,31.097534,46.1025341796877,32.05554509735107,42.563908935546834,31.262909,41.94390893554676,32.252376438140864,43.99599267578113,31.304993,44.07599267578112,32.05045151519775,44.332352539062455,32.011353,44.19235253906248,33.33406743431091
25.057503_121.63574,121.63574,25.057503,44.82825585937499,30.687256,44.690255859375206,31.86933177947998,42.427068115234285,30.876068,41.777068115234215,32.056019311904905,43.72171166992175,31.010712,43.5117116699218,31.86912563705444,44.59201074218733,31.66101,44.62201074218733,33.1752027721405
25.075455_121.430084,121.430084,25.075455,44.872397705078,31.151398,44.862397705078,32.00689099311828,41.98240380859367,31.501404,41.42240380859359,32.21582369422912,42.98079736328112,31.229797,42.76079736328116,31.87904104995728,42.715669189453,32.00467,42.12566918945312,33.179717226028444
25.075554_121.45062,121.45062,25.075554,45.73018701171872,31.479187,45.68018701171873,32.13752388191223,42.706329589843584,31.77533,42.196329589843685,32.37754559135437,44.49523095703108,31.524231,44.3752309570311,31.99191486549377,43.68078393554682,32.309784,43.160783935546725,33.32594200325012
25.075615_121.47119,121.47119,25.075615,44.92463037109369,31.53363,44.82463037109371,32.1362636756897,42.6207143554686,31.769714,42.27071435546867,32.38361316871643,44.81742700195309,31.556427,44.72742700195311,32.003923706054685,44.15476098632798,32.32376,44.20476098632797,33.32502560043334
25.075691_121.49176,121.49176,25.075691,44.5896701660157,31.53067,44.65167016601562,32.14297088050842,42.79582177734387,31.754822,42.325821777343656,32.38187264251709,44.54312353515645,31.539124,44.60012353515632,32.023803071975706,44.223662353515465,32.322662,44.33366235351581,33.346223932266234
25.07576_121.51233,121.51233,25.07576,44.40690942382797,31.52591,44.38690942382797,32.15731567192078,42.7577402343751,31.70874,42.22974023437492,32.3646832447052,44.54984790039075,31.512848,44.40384790039047,32.03554664421081,44.01672631835925,32.275726,43.99672631835925,33.3583184261322
25.075829_121.5329,121.5329,25.075829,44.26825585937485,31.437256,44.07825585937489,32.12095021057129,42.39995874023423,31.588959,41.89995874023433,32.302182910919186,43.92849999999992,31.4375,43.708499999999965,31.994031970977783,43.90945703124987,32.168457,43.46945703124996,33.31721765136719
25.075897_121.55347,121.55347,25.075897,44.65420922851559,31.38321,44.71420922851558,32.11960791587829,42.22012597656237,31.479126,41.86012597656244,32.27856398773193,43.56594873046873,31.384949,43.58594873046873,31.98620432662964,43.86159570312487,32.110596,43.48159570312495,33.305442968368524
25.075958_121.574005,121.574005,25.075958,44.47127099609374,31.340271,44.311270996093576,32.12820558166504,42.27452416992172,31.393524,41.8645241699218,32.27318454360962,43.27922509765609,31.368225,42.93922509765616,32.02418294143676,44.00897119140609,32.10797,43.89897119140611,33.33423972511291
25.07602_121.594574,121.594574,25.07602,44.90320825195301,31.232208,44.82320825195303,32.10734804344177,42.86600244140616,31.315002,42.3850024414063,32.26417145729065,44.25815942382796,31.30716,44.208159423827965,32.065039218902584,44.31777124023435,32.09677,44.26777124023436,33.365736051559445
25.076073_121.61514,121.61514,25.076073,44.73349877929677,31.092499,44.71349877929677,32.04619109725952,43.08733911132797,31.21634,42.57733911132807,32.22249925613403,44.486697021484346,31.245697,44.36669702148437,32.058564941406246,44.124538818359376,32.03354,43.94453881835921,33.33804253387451
25.076134_121.63571,121.63571,25.076134,44.793774658203,31.062775,44.793774658203,32.06255326461792,42.72903833007804,31.208038,42.295038330078135,32.24213258552551,44.00986962890613,31.27887,44.01986962890612,32.052437265396115,43.8997768554686,32.058777,43.68977685546864,33.36570191383362
25.094086_121.42999,121.42999,25.094086,43.82268334960936,30.631683,43.64468334960956,32.617479902267455,41.9297194824217,30.96872,41.209719482421846,32.7025749015808,43.80075341796857,30.809753,43.6807534179686,32.47608958435058,42.85553613281245,31.524536,42.1355361328124,33.70785813140869
25.09417_121.45056,121.45056,25.09417,43.41273754882813,31.324738,43.32873754882833,32.27757617950439,42.39572534179674,31.624725,41.75572534179687,32.476278783798215,43.968620849609295,31.46762,43.9186208496093,32.11824161148071,43.00346337890611,32.212463,42.49346337890621,33.401058383941646
25.094246_121.47113,121.47113,25.094246,43.530544677734376,31.439545,43.31054467773422,32.27292340660095,42.67679101562482,31.685791,42.32679101562489,32.47430288696289,45.35963403320299,31.568634,45.23963403320301,32.07901112747192,43.40404077148437,32.27304,43.10404077148423,33.402998077392574
25.094315_121.4917,121.4917,25.094315,44.44515039062483,31.50415,44.30515039062486,32.260167490005486,42.92386010742185,31.71286,42.43386010742175,32.43378576660156,45.12440454101554,31.583405,45.02440454101556,32.05505927276611,43.62928857421871,32.30829,43.31428857421895,33.39924937629699
25.094383_121.51227,121.51227,25.094383,44.42070458984359,31.509705,44.22070458984363,32.23607294464111,42.84336328124999,31.672363,42.45336328124986,32.38684024810791,45.47780175781234,31.596802,45.39780175781236,32.06903673744201,43.83613671874991,32.265137,43.40613671874999,33.38074074935913
25.094452_121.53281,121.53281,25.094452,43.7237966308593,31.272797,43.68379663085931,32.053504146575925,42.44042944335943,31.37143,41.80242944335931,32.197555015563964,44.99458764648426,31.333588,44.97458764648427,31.89702934837341,43.9814577636717,32.000458,43.89145776367172,33.21259896278381
25.094505_121.553375,121.553375,25.094505,43.32418847656243,30.893188,43.14418847656247,31.81566699409485,41.9570939941408,30.940094,41.50109399414053,31.957052082061768,43.34006616210932,30.949066,43.27006616210933,31.67915558433533,43.9047915039062,31.573792,43.75479150390623,32.98148900222778
25.09459_121.573944,121.573944,25.09459,42.40805395507826,30.374054,42.17505395507799,31.50187490653992,41.531289306640616,30.39029,40.97128930664053,31.6330982875824,41.21532739257798,30.404327,40.71532739257808,31.38703674697876,43.188503662109376,31.097504,43.03850366210921,32.71205520439148
25.09465_121.59451,121.59451,25.09465,43.095329833984586,30.09433,42.70532983398427,32.03771590042114,42.06683081054707,30.05783,41.5388308105468,32.17504085350036,42.14065014648455,30.12265,41.55365014648431,31.99033588409424,43.34750512695305,30.886505,43.177505126953086,33.298916231155395
25.094696_121.61508,121.61508,25.094696,43.845987792968685,30.424988,43.57598779296874,32.312873775482174,42.9658779296874,30.374878,42.68587792968746,32.481450963974,44.27377587890612,30.532776,44.01377587890617,32.32508949661255,44.06460839843737,31.323608,43.90460839843741,33.643391422271726
25.09475_121.63565,121.63565,25.09475,44.19824853515616,30.617249,44.12824853515617,32.42042317008972,43.47453759765609,30.563538,43.24453759765613,32.658673133850094,45.26478051757806,30.84378,45.084780517578096,32.46265069007873,44.65642578125005,31.586426,44.39742578124986,33.77966213417053
25.112709_121.4299,121.4299,25.112709,44.845450683593576,29.87445,44.98545068359375,32.386660364151,41.38093164062498,30.179932,40.59093164062494,32.47597192764282,43.38224145507807,29.991241,43.07524145507814,32.17478357887268,42.00686914062497,30.76587,41.336869140624906,33.41427637863159
25.112793_121.45047,121.45047,25.112793,42.88221459960935,30.651215,42.6322145996092,32.93824341011047,42.13794824218749,30.996948,41.517948242187416,33.04621653366089,43.34360986328117,30.86261,43.06360986328123,32.685213722229,42.49871777343768,31.485718,41.91671777343743,33.95072479057312
25.112862_121.47104,121.47104,25.112862,42.25831079101561,31.08731,41.75831079101551,32.776174179077145,43.6275246582031,31.406525,43.44952465820324,32.867952476501465,44.15963159179674,31.378632,44.029631591796765,32.53893674850463,43.587993408203005,31.886993,43.00799340820312,33.81767900085449
25.112938_121.49161,121.49161,25.112938,42.32136132812483,31.370361,41.641361328124965,32.34531459999084,43.495816894531096,31.624817,43.4858168945311,32.482259185791015,46.2453798828124,31.61438,46.60537988281232,32.102280490875245,43.79602807617177,32.185028,43.626028076171806,33.40106551361084
25.113007_121.51218,121.51218,25.113007,42.70147607421869,31.300476,42.1714760742186,32.18330367660522,42.99922998046867,31.49823,42.56522998046881,32.32205325889587,45.73341210937497,31.472412,45.76341210937496,31.956616331100467,44.57673486328117,32.065735,44.60673486328116,33.28912036323547
25.113083_121.532745,121.532745,25.113083,42.26219628906244,30.851196,41.75219628906234,31.826714765548704,42.38645410156244,30.965454,41.686454101562376,31.97987762069702,42.74323022460924,30.94223,42.15323022460935,31.623468084335325,45.30027490234362,31.569275,45.140274902343656,32.97559467124939
25.113136_121.553314,121.553314,25.113136,41.81453173828139,29.782532,41.09353173828121,31.728935924530028,41.81062988281262,29.77063,41.03162988281247,31.834750955581665,42.13108911132808,29.81009,41.65108911132798,31.529412704467774,44.55867333984374,30.427673,44.21867333984361,32.86863810920715
25.113205_121.57388,121.57388,25.113205,40.23358422851555,28.742584,39.43358422851551,30.974793094635007,41.22444116210929,28.683441,40.48444116210924,31.11800808143616,40.82960791015642,28.810608,39.92160791015625,30.888258531570436,43.25582421874986,29.444824,42.87582421874993,32.184024145126344
25.113258_121.59445,121.59445,25.113258,40.47603051757813,28.37503,39.666030517578086,30.79936826515198,40.29850561523453,28.274506,39.49550561523435,30.92703090286255,39.51288720703124,28.371887,38.85288720703117,30.76244682121277,41.16106372070328,29.134064,40.1930637207032,32.03942632293701
25.11332_121.61502,121.61502,25.11332,41.0888735351561,29.257874,40.338873535156274,31.3921987991333,40.61058618164056,29.169586,39.920586181640495,31.552370822906493,40.69811914062494,29.29712,40.00811914062488,31.366493915557864,41.53039697265618,30.069397,40.62039697265616,32.641816673278804
25.113365_121.63559,121.63559,25.113365,42.112871337890624,30.011871,41.60287133789053,31.92853624343872,41.77360986328109,29.86261,41.17360986328121,32.18031933784485,43.061734863281096,30.190735,42.83173486328114,31.95719460105896,43.18402734374995,30.853027,42.93102734375003,33.22268904113769
25.13134_121.42981,121.42981,25.13134,42.88236596679676,29.181366,42.422365966796846,32.00277083396912,41.95410180664056,29.523102,41.44410180664046,32.19948693275452,41.989238525390455,29.038239,41.45923852539056,31.75283059310913,42.08458276367187,29.953583,41.344582763671816,33.05186855316162
25.131424_121.45038,121.45038,25.131424,43.12113061523423,30.29013,42.941130615234265,32.63792582511902,42.19320947265617,30.70221,41.64320947265608,32.809720783233644,43.17175073242177,30.55075,42.86175073242183,32.432369377136226,42.91744531249986,31.106445,42.2174453125,33.63426629257202
25.1315_121.47095,121.47095,25.1315,41.94809838867205,30.932098,41.23309838867184,32.33104327964782,43.481070800781225,31.26007,43.25107080078107,32.488232200622555,43.65974877929681,31.248749,43.56974877929683,32.126179576873774,43.996501708984354,31.795502,43.7865017089842,33.33537927627563
25.131569_121.491516,121.491516,25.131569,41.51883325195304,30.997833,40.85883325195297,32.18567258071899,43.42532373046873,31.244324,43.165323730468586,32.31705978393554,44.74157739257806,31.310577,44.65157739257808,31.931511661529544,44.75579858398421,31.824799,44.75579858398421,33.23591390228271
25.131638_121.512085,121.512085,25.131638,40.98287622070308,30.641876,40.56287622070296,31.79981658935547,43.32591088867179,30.81491,43.11591088867184,31.93962682723999,43.45913232421866,30.898132,43.35913232421868,31.56541299057007,45.6533937988281,31.422394,45.94339379882804,32.923657857894895
25.131706_121.53265,121.53265,25.131706,39.14201196289054,29.631012,38.49201196289047,31.013932472229005,42.10462182617182,29.743622,41.68462182617171,31.189732484817508,40.20226831054682,29.831268,39.682268310546725,30.834713479995727,44.21026147460923,30.399261,44.03026147460927,32.2008510055542
25.13176_121.55325,121.55325,25.13176,38.6385463867187,28.297546,38.05854638671862,30.658218444824215,40.77996118164055,28.278961,39.75996118164055,30.82514109802246,39.92120996093741,28.34021,39.25120996093734,30.53015537261963,42.647379394531136,28.97638,42.13737939453124,31.867266292572022
25.131836_121.57382,121.57382,25.131836,37.725786376953074,27.374786,37.175786376952985,29.982097564697263,39.9819045410155,27.270905,39.11190454101548,30.15381331253052,40.17830834960924,27.397308,39.30830834960921,29.91685040283203,42.04502587890608,28.064026,41.4150258789062,31.21407653427124
25.13189_121.59439,121.59439,25.13189,39.025602050781096,27.154602,38.19960205078136,29.84577536010742,39.55701318359365,26.976013,38.747013183593616,29.996218881607057,39.808148437499874,27.077148,38.97814843749984,29.81187890434265,40.61332543945299,27.852325,39.77332543945296,31.081680179595946
25.131935_121.61496,121.61496,25.131935,40.83816186523423,27.997162,40.00016186523458,30.41796460914612,39.49882104492176,27.797821,38.748821044921705,30.56900397872925,39.62466577148425,27.913666,38.85466577148421,30.35898422050476,40.39479882812487,28.643799,39.49479882812485,31.63689383506775
25.131989_121.63553,121.63553,25.131989,41.49325708007805,29.032257,40.71325708007801,31.12335622024536,40.35037866210928,28.769379,39.670378662109215,31.32260697364807,41.38400903320308,29.053009,40.53400903320305,31.07995364952088,41.7486953125,29.637695,40.94869531249996,32.32136567497253
25.149971_121.42972,121.42972,25.149971,39.32832788085921,29.417328,38.708327880859336,32.15886223220825,42.68446801757796,29.773468,42.43446801757801,32.29950812339782,39.06497827148423,29.233978,38.374978271484366,31.83158649253845,41.12845117187482,30.137451,40.19145117187509,33.199372419357296
25.150055_121.45032,121.45032,25.150055,41.25968090820318,30.19168,40.432680908203096,32.230396646499635,44.39889916992174,30.6279,44.14889916992179,32.39571697807312,41.02317041015615,30.41217,40.58317041015624,32.01119813156128,43.3443471679687,30.993347,42.8443471679686,33.24581614875793
25.150116_121.47089,121.47089,25.150116,40.41068017578111,29.60968,39.62268017578143,32.21359284591675,44.564654785156144,29.933655,44.70465478515612,32.439086475372314,41.64346337890613,29.962463,40.91346337890608,32.05051449203491,44.5081142578125,30.417114,44.15811425781237,33.24114733123779
25.150177_121.491455,121.491455,25.150177,38.79246972656239,29.13147,38.34246972656248,31.04204539871216,40.1354592285155,29.41446,39.37545922851545,31.23615769767761,40.555874267578126,29.464874,39.97587426757804,30.819624170303342,42.82641381835922,29.955414,42.37641381835931,32.07540051651001
25.150269_121.512024,121.512024,25.150269,38.42484643554671,28.473846,37.85484643554682,30.90136387634277,39.66316577148445,28.601166,38.81216577148435,31.05967185783386,39.04167382812495,28.690674,38.2916738281249,30.65614560508728,41.18643457031232,29.195435,40.366434570312485,32.03527799987793
25.150337_121.53259,121.53259,25.150337,36.80452905273434,27.52353,36.18452905273426,30.136725778579716,39.59063989257795,27.59964,38.63463989257826,30.33520725440979,38.12018823242181,27.699188,37.43018823242175,29.975264766693115,40.82158959960928,28.26059,39.92158959960926,31.3457737865448
25.150398_121.55316,121.55316,25.150398,35.74877709960932,26.377777,35.29877709960921,29.25632525062561,38.89611962890618,26.43512,37.906119628906175,29.490929641723632,38.39786035156232,26.40686,37.56786035156249,29.13917290687561,40.53594995117181,27.10495,39.82594995117175,30.497639869689944
25.150452_121.57376,121.57376,25.150452,36.19184716796872,25.930847,35.63184716796863,28.863906381607052,38.02477807617187,25.903778,37.094778076171856,29.08725626373291,38.04740624999997,25.816406,37.087406249999965,28.75720861053467,39.77508447265624,26.624084,38.67708447265634,30.10317434501648
25.150513_121.59433,121.59433,25.150513,38.91429711914056,26.473297,38.13429711914051,29.23774807929993,38.16533105468735,26.314331,37.22533105468734,29.45357291030884,38.1719545898436,26.290955,37.261954589843576,29.18325399208069,38.90625756835922,27.045258,38.0162575683592,30.468022714614868
25.15055_121.6149,121.6149,25.15055,41.93151757812494,27.530518,41.49151757812483,29.98980669975281,39.09072412109361,27.279724,38.250724121093576,30.173822265625,38.96582910156239,27.32483,38.195829101562346,29.8919592628479,39.8586293945311,28.00763,39.02862939453141,31.16993391418457
25.150612_121.63547,121.63547,25.150612,43.553856689453205,28.496857,43.197856689453005,30.67622834968567,40.30308178710944,28.240082,39.52108178710934,30.900063186645507,39.97119042968739,28.32019,39.33619042968768,30.551819902420046,40.70010400390613,29.019104,39.8601040039061,31.872275457382205
25.168594_121.42963,121.42963,25.168594,35.708292480468856,28.662292,35.17329248046867,32.42513051986694,38.308108154296846,29.067108,37.42810815429682,32.82810742759704,36.72637915039068,28.65738,36.03837915039057,32.113028667449946,38.83120996093747,29.59021,37.81120996093748,33.53364014434814
25.16867_121.450226,121.450226,25.16867,38.10140039062498,29.9104,37.64140039062488,32.04843719482422,40.93821069335927,30.29721,40.2582106933592,32.292052783966064,38.027684082031314,29.963684,37.55468408203115,31.801327718734743,40.99636865234373,30.815369,40.48636865234364,33.112065128326414
25.168747_121.470795,121.470795,25.168747,39.15483178710933,28.833832,38.334831787109295,31.60401231575012,42.14859277343732,29.157593,41.7485927734374,32.015386091232294,39.19984716796892,29.180847,38.46184716796871,31.474329704284667,41.94863061523435,29.72763,41.16863061523431,32.67125346374512
25.168823_121.49136,121.49136,25.168823,36.51183007812489,26.85083,36.11183007812497,29.981723016738894,40.07027856445298,27.229279,38.970278564453,30.393075408935548,38.42824365234373,27.237244,37.63824365234369,29.877516956329345,40.852566162109376,27.761566,39.88256616210937,31.08381671142578
25.168869_121.51196,121.51196,25.168869,34.47461694335937,25.363617,33.98461694335927,28.70209076309204,36.28625390624989,25.635254,35.806253906249985,28.989728981018068,35.67395776367187,25.562958,35.24395776367176,28.54062462425232,37.99275415039048,26.141754,37.03275415039047,29.75080715942383
25.16896_121.53253,121.53253,25.16896,33.73887475585929,25.227875,33.13887475585921,28.39263422393799,35.61870751953121,25.337708,35.04870751953113,28.6400523929596,35.352012939453175,25.282013,34.993012939453,28.212727075576783,36.94364770507831,25.932648,36.23364770507808,29.495129165649413
25.169006_121.5531,121.5531,25.169006,35.34886230468768,25.333862,34.754862304687435,28.38859591293335,37.43094311523457,25.422943,36.60394311523436,28.73174689102173,38.572317138671856,25.381317,37.65231713867184,28.27749765396118,38.95148583984359,26.060486,38.031485839843576,29.61560501098633
25.169067_121.57367,121.57367,25.169067,36.9780947265624,25.397095,36.34809472656233,28.44175368499756,38.4090895996092,25.44809,37.48108959960951,28.79692221260071,38.430228515624826,25.459229,37.47722851562517,28.449649816513062,38.613469482421785,26.06247,37.5534694824218,29.676725261688237
25.169128_121.59427,121.59427,25.169128,40.31685571289055,25.845856,39.61685571289049,28.754411920547486,37.03666650390621,25.745667,36.30666650390616,29.06459543418884,35.90958886718747,25.678589,35.2895888671874,28.705023637771607,38.22354638671861,26.422546,37.343546386718586,29.95064102935791
25.169197_121.61484,121.61484,25.169197,41.53026513671868,27.059265,40.86026513671861,29.694089239120483,37.70588769531236,26.884888,36.90688769531266,29.97621482658386,37.3304665527343,26.859467,36.67046655273423,29.53757919883728,38.22261376953114,27.591614,37.48261376953109,30.86504673194885
25.16925_121.63544,121.63544,25.16925,41.160698486328,28.409698,40.27069848632797,30.74515235519409,39.60989892578121,28.308899,38.929898925781146,30.98769178771973,39.26258325195296,28.341583,38.61258325195309,30.52175157546997,39.405802246093685,28.984802,38.72580224609362,31.8525362701416
25.187218_121.429565,121.429565,25.187218,36.96980615234374,29.838806,36.259806152343685,32.34457618713379,39.01768212890613,30.286682,38.54768212890622,32.586788564682,38.43294946289053,29.84195,37.982949462890616,32.03047081184387,39.3553945312499,30.754395,38.71539453124983,33.412924442291256
25.187294_121.450134,121.450134,25.187294,38.24338647460932,29.852386,37.77338647460921,32.00763365173339,40.77725854492178,30.196259,40.13725854492171,32.23149149131775,39.05012963867186,29.88913,38.40012963867179,31.787393524169925,40.624797607421705,30.673798,40.00479760742183,33.09284154319763
25.187378_121.4707,121.4707,25.187378,38.19953149414062,29.088531,37.60953149414054,31.63495066833496,40.70883691406246,29.407837,39.85883691406243,31.91399572944641,38.87202783203114,29.241028,38.20202783203108,31.446441722869874,40.57522485351552,29.924225,39.86522485351546,32.71241853713989
25.187447_121.4913,121.4913,25.187447,36.05957885742189,26.974579,35.64557885742176,30.165966875076293,39.72670434570306,27.315704,38.86670434570304,30.56502550315857,37.418802734374985,27.247803,36.8288027343749,30.04315345954895,39.05865502929686,27.877655,38.15865502929684,31.30349878501892
25.1875_121.51187,121.51187,25.1875,33.97068505859372,24.739685,33.34068505859365,28.37924638748169,39.86028466796861,25.079285,38.9402846679686,28.71518056106568,37.28605004882807,24.89505,36.46605004882803,28.2548975982666,39.393692871093606,25.572693,38.293692871093626,29.48020005607605
25.187576_121.53247,121.53247,25.187576,34.72854150390616,24.167542,34.2385415039063,27.67780721664429,35.82874658203118,24.377747,35.158746582031114,27.995697284698487,37.79854882812491,24.237549,36.908548828124886,27.59411843299866,37.479618164062416,24.958618,36.74961816406236,28.82020607566833
25.187645_121.55304,121.55304,25.187645,38.614710205078296,25.59671,37.56771020507795,28.550827169418337,36.3488479003905,25.637848,35.828847900390606,28.91363465690613,35.74433129882812,25.633331,35.384331298827995,28.439304037094114,35.82846948242177,26.18747,35.24746948242195,29.68973731422424
25.187706_121.57361,121.57361,25.187706,42.10987451171873,26.908875,41.66987451171862,29.539333194732663,38.7232338867186,26.852234,37.87423388671891,29.87387893676758,37.11512597656247,26.854126,36.59512597656237,29.46052028083801,38.15060693359362,27.409607,37.43160693359391,30.661575717926024
25.187752_121.59421,121.59421,25.187752,40.76307202148451,26.730072,40.15107202148431,29.543953672409057,38.13472314453119,26.753723,37.25472314453117,29.89181878662109,36.83941552734374,26.688416,36.20941552734367,29.49296098518372,37.584731689453086,27.293732,36.95473168945301,30.70648591041565
25.187813_121.61478,121.61478,25.187813,39.10953393554673,27.278534,38.296533935547046,30.073434984207157,37.37267993164065,27.29068,36.70167993164056,30.38904933166504,36.80332910156241,27.26233,36.33932910156253,29.89903614616394,37.67154443359361,27.870544,36.92754443359383,31.215010246276854
25.187866_121.635376,121.635376,25.187866,39.65089721679691,28.575897,39.016897216796806,31.173734022140504,38.72827050781249,28.57727,38.02827050781243,31.51735324668884,38.52589501953111,28.704895,37.90589501953123,30.928563226699826,39.010102783203,29.299103,38.19010278320297,32.26219046783447
