,鄉鎮名稱,村里名稱,用電量_2011,用電量_2012,用電量_2013,用電量_2014,用電量_2015,population_2011,population_2012,population_2013,population_2014,population_2015,人均用電量_2011,人均用電量_2012,人均用電量_2013,人均用電量_2014
0,松山區,精忠里,1002883.0,126.0,987114.0,1022204.0,1008954,4883.0,4827.0,4676.0,4722.0,4722.0,205.38255171001433,0.02610316967060286,211.1022241231822,216.47691656077933
1,松山區,民有里,2935636.0,,2724746.0,2860800.0,2782233,8733.0,8913.0,8950.0,8958.0,8958.0,336.1543570365281,,304.4408938547486,319.35699933020766
2,松山區,中正里,1428593.0,1461211.0,1465259.0,1542955.0,1516509,10787.0,10833.0,10812.0,10877.0,10877.0,132.43654398813388,134.88516569740608,135.52155012948575,141.85483129539395
3,松山區,中華里,713341.0,89.0,697682.0,719738.0,712531,6891.0,6945.0,6919.0,6894.0,6894.0,103.51777681033232,0.012814974802015839,100.83566989449342,104.40063823614737
4,松山區,三民里,896999.0,352.0,852848.0,866270.0,835908,7118.0,7153.0,7132.0,7149.0,7149.0,126.01840404608036,0.04921012162728925,119.58048233314638,121.17359071198769
5,松山區,復建里,1056529.0,1045958.0,929968.0,963873.0,997152,4840.0,4830.0,4841.0,4896.0,4896.0,218.29111570247935,216.5544513457557,192.10245816979963,196.86948529411765
6,松山區,民福里,1616578.0,,1548717.0,1561707.0,1509459,6481.0,6540.0,6605.0,6624.0,6624.0,249.43342076839994,,234.47645722937168,235.7649456521739
7,松山區,東昌里,556020.0,,538260.0,552946.0,535503,3019.0,2983.0,2951.0,2927.0,2927.0,184.17356740642597,,182.39918671636732,188.91219678852067
8,松山區,東榮里,1932465.0,,1821530.0,1864136.0,1794449,8843.0,8744.0,8671.0,8568.0,8568.0,218.53047608277734,,210.07150271018338,217.56956115779644
9,松山區,莊敬里,490024.0,40.0,474773.0,486460.0,472451,5705.0,5725.0,5664.0,5667.0,5667.0,85.89377738825591,0.0069868995633187774,83.82291666666667,85.84083289218282
10,松山區,復盛里,586.0,12136.0,12877.0,6662.0,8691,6935.0,6929.0,6858.0,6857.0,6857.0,0.08449891852919972,1.7514792899408285,1.8776611256926217,0.9715619075397404
11,松山區,慈祐里,16881.0,60320.0,55116.0,63968.0,55247,7775.0,7975.0,7975.0,8134.0,8134.0,2.1711897106109324,7.5636363636363635,6.911097178683385,7.864273420211458
12,松山區,吉祥里,413.0,5.0,19318.0,30796.0,35246,8762.0,8755.0,8774.0,8817.0,8817.0,0.047135357224378,0.0005711022272986865,2.201732391155687,3.492798003856187
13,松山區,復勢里,764.0,740.0,785.0,800.0,886,6638.0,6716.0,6709.0,6615.0,6615.0,0.11509490810485086,0.11018463371054199,0.11700700551497988,0.12093726379440665
14,松山區,福成里,,,,1409.0,937,2985.0,3043.0,3003.0,2983.0,2983.0,,,,0.47234327857861214
15,松山區,新聚里,,,,2957.0,53150,8252.0,8339.0,8313.0,8379.0,8379.0,,,,0.352906074710586
16,松山區,美仁里,,,,,--,3750.0,3731.0,3803.0,3840.0,3840.0,,,,
17,松山區,安平里,,36.0,,5680.0,14890,8427.0,8681.0,8749.0,8755.0,8755.0,,0.004146987674231079,,0.6487721302113079
18,松山區,鵬程里,,,,,--,5883.0,5854.0,5748.0,5769.0,5769.0,,,,
19,松山區,自強里,,,,,--,10176.0,10183.0,10202.0,10218.0,10218.0,,,,
20,松山區,東勢里,,57.0,7720.0,7400.0,--,4790.0,4808.0,4787.0,4744.0,4744.0,,0.011855241264559068,1.6127010653854188,1.5598650927487352
21,松山區,東光里,,13.0,,,--,7457.0,7493.0,7539.0,7532.0,7532.0,,0.0017349526224476179,,
22,松山區,富泰里,,,,4457.0,17,4832.0,4861.0,4909.0,4938.0,4938.0,,,,0.9025921425678413
23,松山區,介壽里,,,,,596,5059.0,5027.0,4925.0,4931.0,4931.0,,,,
24,松山區,松基里,89.0,,6768.0,18090.0,17849,3836.0,3854.0,3862.0,3812.0,3812.0,0.023201251303441084,,1.7524598653547385,4.745540398740818
25,松山區,中崙里,8029.0,4861.0,4760.0,9555.0,9585,4594.0,4586.0,4549.0,4563.0,4563.0,1.7477144101001305,1.0599651112080244,1.0463838206199165,2.094017094017094
26,松山區,新東里,221506.0,7.0,214961.0,206410.0,203503,5108.0,5161.0,5139.0,5202.0,5202.0,43.364526233359435,0.0013563262933540012,41.829344230395016,39.678969627066515
27,松山區,龍田里,526302.0,,516105.0,536273.0,510773,11327.0,11284.0,11284.0,11219.0,11219.0,46.464377151937846,,45.73777029422191,47.80042784561904
28,松山區,新益里,322749.0,,291645.0,290627.0,279311,4877.0,4915.0,4907.0,4866.0,4866.0,66.17777322124256,,59.43448135316894,59.72605836415947
29,松山區,富錦里,1194283.0,,1130836.0,,1079717,5390.0,5398.0,5424.0,5457.0,5457.0,221.573840445269,,208.48746312684366,
30,松山區,復源里,729016.0,718693.0,692209.0,734058.0,686540,3600.0,3654.0,3596.0,3561.0,3561.0,202.50444444444443,196.68664477285168,192.49416017797552,206.13816343723673
31,松山區,吉仁里,977099.0,963873.0,909727.0,920445.0,895775,4468.0,4469.0,4422.0,4384.0,4384.0,218.6882273948075,215.67979413739093,205.72749886928992,209.9555200729927
32,松山區,敦化里,1687757.0,1650688.0,1606650.0,1617044.0,1652269,7727.0,7696.0,7645.0,7615.0,7615.0,218.42332082308786,214.48648648648648,210.15696533682146,212.34983585029548
33,信義區,新仁里,13148.0,1188247.0,1248733.0,1263616.0,1018643,3674.0,3685.0,3682.0,3707.0,3707.0,3.578660860097986,322.4550881953867,339.1453014665942,340.8729430806582
34,信義區,安康里,2944249.0,3909615.0,3878119.0,4027250.0,4008264,10611.0,10819.0,11003.0,11092.0,11092.0,277.47139760625765,361.365653017839,352.4601472325729,363.0769924269744
35,信義區,興隆里,,624844.0,638490.0,650877.0,595025,3077.0,3035.0,3041.0,3021.0,3021.0,,205.8794069192751,209.9605392962841,215.45084409136047
36,信義區,中行里,1628690.0,634090.0,581049.0,604018.0,1566303,8343.0,8390.0,8407.0,8496.0,8496.0,195.21634903511926,75.57687723480333,69.11490424646128,71.09439736346516
37,信義區,松光里,1202609.0,1185125.0,1148235.0,1152283.0,1163506,5065.0,5139.0,5177.0,5121.0,5121.0,237.43514313919053,230.61393267172602,221.79544137531389,225.01132591290764
38,信義區,永春里,1261488.0,1271462.0,1183721.0,1202626.0,1206410,5194.0,5133.0,5133.0,5170.0,5170.0,242.8740854832499,247.70348723943113,230.6099746736801,232.61624758220503
39,信義區,國業里,1688795.0,1695774.0,1598015.0,1608728.0,1607978,8096.0,8135.0,8139.0,8211.0,8211.0,208.59622035573122,208.4540872771973,196.34045951591105,195.92351723298015
40,信義區,黎順里,1139405.0,1166755.0,1086820.0,1149223.0,1169211,4047.0,4116.0,4172.0,4260.0,4260.0,281.5431183592785,283.4681729834791,260.503355704698,269.7706572769953
41,信義區,五全里,1146376.0,1188913.0,1059815.0,1147937.0,1076422,5140.0,5179.0,5204.0,5276.0,5276.0,223.03035019455254,229.56420158331724,203.65392006149116,217.57714177407126
42,信義區,松隆里,473193.0,477065.0,449102.0,,475607,2410.0,2457.0,2445.0,2379.0,2379.0,196.34564315352696,194.16564916564917,183.68179959100203,
43,信義區,長春里,1141386.0,1180735.0,1058848.0,1201615.0,1158177,4322.0,4274.0,4295.0,4344.0,4344.0,264.08745950948634,276.2599438465138,246.53038416763678,276.61487108655615
44,信義區,興雅里,1499368.0,,1512102.0,1539135.0,1454129,6058.0,6111.0,6126.0,6056.0,6056.0,247.5021459227468,,246.83349657198823,254.150429326288
45,信義區,中坡里,973881.0,447887.0,410909.0,422863.0,963964,4684.0,4691.0,4731.0,4752.0,4752.0,207.9165243381725,95.47793647409934,86.85457619953497,88.98632154882155
46,信義區,四維里,1112205.0,1115651.0,1080168.0,1105278.0,1053927,5477.0,5485.0,5546.0,5580.0,5580.0,203.0682855577871,203.4003646308113,194.7652362062748,198.07849462365593
47,信義區,景勤里,942814.0,963926.0,901707.0,933756.0,907481,4344.0,4392.0,4375.0,4378.0,4378.0,217.03821362799263,219.4731329690346,206.10445714285714,213.28369118318867
48,信義區,大道里,1487929.0,1533880.0,1421923.0,1479641.0,1443847,6399.0,6385.0,6408.0,6433.0,6433.0,232.52523831848725,240.23179326546594,221.8980961298377,230.00792787191045
49,信義區,富台里,1046994.0,1075410.0,1030663.0,1071538.0,1005653,4536.0,4597.0,4557.0,4664.0,4664.0,230.81878306878306,233.937350445943,226.17138468290543,229.74656946826758
50,信義區,黎安里,345389.0,374437.0,352221.0,370260.0,217010,2267.0,2245.0,2253.0,2251.0,2251.0,152.35509483899426,166.78708240534522,156.33422103861517,164.48689471346069
51,信義區,敦厚里,1222190.0,374.0,1178177.0,1272063.0,1219647,5340.0,5421.0,5477.0,5443.0,5443.0,228.874531835206,0.06899096107729201,215.11356582070476,233.70622818298733
52,信義區,廣居里,1921017.0,1866898.0,1792012.0,1811602.0,1785450,8255.0,8380.0,8373.0,8447.0,8447.0,232.70950938824956,222.7801909307876,214.02269198614596,214.4669113294661
53,信義區,松友里,1382153.0,1396384.0,1281431.0,1315803.0,1270802,7113.0,7217.0,7251.0,7267.0,7267.0,194.31365106143681,193.4853817375641,176.72472762377603,181.0655015824962
54,信義區,六藝里,802510.0,483034.0,725806.0,765286.0,756860,3959.0,3991.0,3976.0,4018.0,4018.0,202.70522859307906,121.03081934352292,182.54678068410462,190.46441015430563
55,信義區,嘉興里,842114.0,887886.0,836248.0,837466.0,813257,3311.0,3317.0,3339.0,3353.0,3353.0,254.33826638477802,267.6774193548387,250.44863731656184,249.7661795407098
56,信義區,大仁里,906070.0,739891.0,719485.0,740667.0,832620,4273.0,4288.0,4260.0,4214.0,4214.0,212.04540135736016,172.54920708955223,168.8931924882629,175.76340768865686
57,信義區,雙和里,1242402.0,1261398.0,1155193.0,1202796.0,1188850,7382.0,7440.0,7458.0,7532.0,7532.0,168.3015442969385,169.54274193548386,154.8931348887101,159.6914498141264
58,信義區,三犁里,10840.0,10360.0,16280.0,16880.0,20240,5381.0,5409.0,5415.0,5438.0,5438.0,2.0144954469429472,1.9153263080051766,3.0064635272391507,3.1040823832291284
59,信義區,正和里,,,,2421.0,--,4916.0,4892.0,4897.0,4954.0,4954.0,,,,0.48869600322971335
60,信義區,黎平里,1779594.0,1771953.0,1604277.0,1688328.0,1869365,7313.0,7344.0,7457.0,7427.0,7427.0,243.34664296458362,241.27900326797385,215.13705243395466,227.3230106368655
61,信義區,永吉里,11180.0,3688.0,34741.0,38470.0,15652,4456.0,4393.0,4369.0,4343.0,4343.0,2.5089766606822264,0.8395174140678352,7.951705195696956,8.857932304858393
62,信義區,黎忠里,1099517.0,1115648.0,1015155.0,1047501.0,1052481,4911.0,4952.0,4987.0,5073.0,5073.0,223.8886173895337,225.2924071082391,203.56025666733507,206.48551153163808
63,信義區,泰和里,1272.0,1456.0,1141.0,1137.0,1221,8301.0,8382.0,8393.0,8457.0,8457.0,0.15323455005421033,0.1737055595323312,0.1359466221851543,0.13444483859524653
64,信義區,三張里,960.0,4102.0,960.0,1000.0,7040,9339.0,9401.0,9418.0,9408.0,9408.0,0.10279473176999679,0.43633655994043186,0.10193246973879805,0.10629251700680271
65,信義區,景新里,257.0,271.0,265.0,13404.0,8279,5318.0,5369.0,5365.0,5452.0,5452.0,0.048326438510718314,0.05047494878003352,0.049394221808014914,2.458547322083639
66,信義區,六合里,,,1958.0,3815.0,--,7087.0,7064.0,7095.0,7189.0,7189.0,,,0.27596899224806204,0.5306718597857838
67,信義區,雅祥里,,,1190.0,1195.0,--,5072.0,5065.0,5126.0,5202.0,5202.0,,,0.23214982442450255,0.22971933871587852
68,信義區,西村里,,,,,--,6172.0,6192.0,6124.0,6127.0,6127.0,,,,
69,信義區,惠安里,1486.0,1513.0,2697.0,2600.0,995,6791.0,6777.0,6867.0,6902.0,6902.0,0.21881902518038582,0.22325512763759775,0.39274792485801663,0.37670240509997105
70,信義區,四育里,6440.0,5170.0,5059.0,5562.0,13669,5780.0,5840.0,5877.0,5897.0,5897.0,1.1141868512110726,0.8852739726027398,0.8608133401395269,0.9431914532813295
71,信義區,五常里,8431.0,,10887.0,7996.0,25187,3859.0,3899.0,3927.0,3946.0,3946.0,2.184762891940917,,2.7723453017570665,2.02635580334516
72,信義區,景聯里,1023706.0,1031097.0,959411.0,1009681.0,1006168,4872.0,4879.0,4814.0,4831.0,4831.0,210.12027914614123,211.33367493338798,199.29601163273784,209.0004139929621
73,信義區,中興里,524755.0,583067.0,604467.0,627861.0,613737,3596.0,3554.0,3537.0,3546.0,3546.0,145.92741935483872,164.05936972425437,170.89821882951654,177.0617597292724
74,大安區,民輝里,320417.0,2493465.0,2454204.0,2506283.0,2424211,7013.0,7043.0,7005.0,7125.0,7125.0,45.68900613147013,354.0345023427517,350.3503211991435,351.75901754385967
75,大安區,敦安里,,1910734.0,1927480.0,1998863.0,1904071,6716.0,6718.0,6668.0,6707.0,6707.0,,284.4200654956832,289.06418716256746,298.02639033845236
76,大安區,敦煌里,,1781624.0,1701196.0,1753367.0,1706458,6388.0,6437.0,6400.0,6502.0,6502.0,,276.7786235824142,265.811875,269.6657951399569
77,大安區,義村里,,1506161.0,1461660.0,1460584.0,1407718,6199.0,6183.0,6163.0,6179.0,6179.0,,243.59712113860584,237.1669641408405,236.37870205534875
78,大安區,光信里,491.0,1062491.0,1040692.0,1037222.0,1028512,8269.0,8265.0,8296.0,8313.0,8313.0,0.05937840125770952,128.55305505142167,125.4450337512054,124.77108143871045
79,大安區,昌隆里,16314.0,895879.0,906554.0,913618.0,873011,3191.0,3172.0,3168.0,3165.0,3165.0,5.112503917267314,282.43348045397227,286.15972222222223,288.6628751974724
80,大安區,誠安里,82121.0,757942.0,756529.0,768404.0,761803,4309.0,4368.0,4327.0,4366.0,4366.0,19.058018101647715,173.52152014652015,174.83914952623064,175.99725148877693
81,大安區,通化里,1429579.0,1714827.0,1671874.0,1710082.0,1738992,6358.0,6410.0,6440.0,6477.0,6477.0,224.8472790185593,267.5237129485179,259.6077639751553,264.02377643970976
82,大安區,通安里,1305377.0,1427064.0,1389378.0,1432568.0,1447775,5824.0,5871.0,5915.0,5901.0,5901.0,224.13753434065933,243.07000510986202,234.89061707523246,242.7669886459922
83,大安區,義安里,1646305.0,1783922.0,1769021.0,1828985.0,1799416,5670.0,5695.0,5707.0,5679.0,5679.0,290.3536155202822,313.24354697102723,309.9738917119327,322.06110230674415
84,大安區,仁愛里,9630.0,10688.0,21768.0,36912.0,21031,5711.0,5653.0,5595.0,5603.0,5603.0,1.6862195762563474,1.8906775163629932,3.8906166219839142,6.5878993396394785
85,大安區,建倫里,2353277.0,2350980.0,2188379.0,2275442.0,2385777,6508.0,6459.0,6470.0,6497.0,6497.0,361.5975722188076,363.98513701811424,338.23477588871714,350.2296444512852
86,大安區,龍生里,1468871.0,1444710.0,1446021.0,1427330.0,1449350,7155.0,7263.0,7236.0,7295.0,7295.0,205.29294199860237,198.91367203634863,199.8370646766169,195.65867032213845
87,大安區,福住里,1391190.0,1387531.0,1400359.0,1388180.0,1440166,6748.0,6842.0,6814.0,6873.0,6873.0,206.16330764671014,202.79611224788073,205.51203404754915,201.97584751927835
88,大安區,大學里,7055.0,7324.0,21331.0,23702.0,5691,8791.0,8833.0,8961.0,8954.0,8954.0,0.8025253099761119,0.82916336465527,2.3804262917085146,2.647085101630556
89,大安區,龍門里,1144495.0,1119044.0,1092288.0,1131128.0,1137134,4709.0,4675.0,4666.0,4676.0,4676.0,243.04417073688683,239.36770053475936,234.09515645092156,241.90076988879383
90,大安區,錦華里,1116894.0,1143439.0,1100170.0,1121741.0,1120994,5879.0,5957.0,6037.0,6088.0,6088.0,189.9802687531893,191.94879973140843,182.23786648997847,184.25443495400788
91,大安區,民炤里,2536.0,34498.0,36700.0,44482.0,40579,8490.0,8404.0,8472.0,8467.0,8467.0,0.2987043580683157,4.1049500237981915,4.331916902738432,5.253572693988426
92,大安區,學府里,460446.0,430251.0,422810.0,394416.0,391114,3171.0,3155.0,2978.0,2961.0,2961.0,145.20529801324503,136.37115689381935,141.97783747481532,133.20364741641336
93,大安區,車層里,2246992.0,2219625.0,2138900.0,2127669.0,2066128,6729.0,6703.0,6685.0,6716.0,6716.0,333.92658641700103,331.1390422199015,319.9551234106208,316.80598570577723
94,大安區,新龍里,1380419.0,1339666.0,1338902.0,,1312391,7249.0,7268.0,7341.0,7329.0,7329.0,190.42888674299903,184.32388552559163,182.3868682740771,
95,大安區,臥龍里,577493.0,579175.0,538745.0,574552.0,559348,1961.0,1996.0,1990.0,1987.0,1987.0,294.4890362060173,290.1678356713427,270.72613065326635,289.15551082033215
96,大安區,古風里,775661.0,766818.0,713126.0,715095.0,734247,4438.0,4452.0,4416.0,4423.0,4423.0,174.7771518702118,172.2412398921833,161.486865942029,161.67646393850328
97,大安區,法治里,1299978.0,1242131.0,1208763.0,1265481.0,1212696,4627.0,4599.0,4606.0,4613.0,4613.0,280.9548303436352,270.08719286801477,262.43226226660875,274.32928679817906
98,大安區,全安里,1460691.0,1434915.0,1381576.0,1412658.0,1420571,4681.0,4660.0,4649.0,4590.0,4590.0,312.04678487502673,307.92167381974247,297.1770273177027,307.7686274509804
99,大安區,龍泉里,1228429.0,1267741.0,1148878.0,1207690.0,1234858,5010.0,5031.0,5091.0,5183.0,5183.0,245.19540918163673,251.9858874975154,225.6684344922412,233.00983986108432
100,大安區,黎元里,297978.0,298023.0,284649.0,290938.0,321976,5676.0,5649.0,5751.0,5734.0,5734.0,52.49788583509514,52.75677110993096,49.49556598852374,50.73910010463899
101,大安區,錦安里,842030.0,869664.0,856601.0,867907.0,866064,6423.0,6496.0,6495.0,6537.0,6537.0,131.09606103067102,133.8768472906404,131.88622016936105,132.76839528835856
102,大安區,古莊里,2093433.0,2090989.0,1942906.0,2019652.0,2041082,7267.0,7313.0,7298.0,7374.0,7374.0,288.0738956928581,285.9276630657733,266.2244450534393,273.88825603471656
103,大安區,仁慈里,3826.0,2529.0,2495.0,8875.0,3758,5876.0,5825.0,5845.0,5839.0,5839.0,0.6511232130701157,0.43416309012875537,0.4268605645851155,1.5199520465833192
104,大安區,錦泰里,676889.0,676028.0,671699.0,699763.0,602915,4774.0,4218.0,4080.0,3818.0,3818.0,141.7865521575199,160.27216690374584,164.63210784313725,183.27998952331063
105,大安區,住安里,409350.0,411632.0,427149.0,436511.0,481216,5582.0,5607.0,5574.0,5533.0,5533.0,73.3339304908635,73.4139468521491,76.6324004305705,78.89228266763058
106,大安區,黎和里,3489.0,4124.0,4822.0,4469.0,3583,4886.0,4930.0,4981.0,5011.0,5011.0,0.7140810478919362,0.8365111561866125,0.9680786990564144,0.8918379564957094
107,大安區,群賢里,449464.0,481797.0,474456.0,451223.0,457425,6317.0,6224.0,6180.0,6191.0,6191.0,71.1514959632737,77.40954370179949,76.77281553398058,72.88370214827977
108,大安區,光明里,868.0,809.0,1018.0,2457.0,18407,4136.0,3915.0,3890.0,3852.0,3852.0,0.20986460348162475,0.2066411238825032,0.2616966580976864,0.6378504672897196
109,大安區,群英里,,49.0,4396.0,1797.0,2389,7573.0,7455.0,7533.0,7429.0,7429.0,,0.006572769953051643,0.5835656444975441,0.24188989096782879
110,大安區,和安里,,101.0,1649.0,1622.0,--,7511.0,7448.0,7511.0,7505.0,7505.0,,0.013560687432867884,0.2195446678205299,0.21612258494337108
111,大安區,德安里,,19.0,6880.0,18360.0,32148,6109.0,6073.0,6028.0,6041.0,6041.0,,0.0031286020088918164,1.141340411413404,3.03923191524582
112,大安區,龍安里,,12047.0,,,--,8074.0,8129.0,8144.0,8404.0,8404.0,,1.4819781030877106,,
113,大安區,正聲里,,7840.0,10200.0,27776.0,36600,5232.0,5207.0,5157.0,5201.0,5201.0,,1.5056654503552909,1.9778941244909831,5.340511440107671
114,大安區,華聲里,,,3680.0,,2555,4577.0,4556.0,4556.0,4518.0,4518.0,,,0.8077260755048288,
115,大安區,龍坡里,33.0,80.0,80.0,80.0,748,6475.0,6381.0,6279.0,6225.0,6225.0,0.005096525096525096,0.012537219871493496,0.012740882306099698,0.01285140562248996
116,大安區,黎孝里,468.0,1528.0,4041.0,5244.0,1747,7712.0,7799.0,7810.0,7897.0,7897.0,0.060684647302904564,0.195922554173612,0.5174135723431498,0.664049639103457
117,大安區,芳和里,32866.0,2131.0,2158.0,6842.0,2556,6129.0,6114.0,6114.0,6033.0,6033.0,5.362375591450482,0.3485443245011449,0.35296041871115474,1.1340958063981434
118,大安區,永康里,36983.0,68982.0,75758.0,83420.0,86029,4027.0,4099.0,4100.0,4046.0,4046.0,9.183759622547802,16.828982678702122,18.477560975609755,20.617894216510134
119,大安區,虎嘯里,4053.0,5485.0,31485.0,27594.0,22562,3759.0,3767.0,3791.0,3813.0,3813.0,1.0782122905027933,1.456065834881869,8.305196518069112,7.23682140047207
120,大安區,龍雲里,394419.0,379585.0,370948.0,353756.0,350281,5209.0,5238.0,5164.0,5132.0,5132.0,75.7187559992321,72.46754486445208,71.83346243222309,68.93141075604053
121,大安區,龍淵里,1840553.0,1828091.0,1734916.0,1799618.0,1769761,10141.0,10288.0,10400.0,10363.0,10363.0,181.49620353022385,177.69158242612752,166.81884615384615,173.6580140885844
122,大安區,龍圖里,1783721.0,1802771.0,1777536.0,1751007.0,1808682,7054.0,7049.0,7102.0,7116.0,7116.0,252.86660051034875,255.74847496098738,250.28667980850466,246.06618887015176
123,大安區,臨江里,1170471.0,1158052.0,1112016.0,1112642.0,1124495,4346.0,4314.0,4307.0,4323.0,4323.0,269.3214450069029,268.44042651831245,258.1880659391688,257.3772842933148
124,大安區,光武里,2716372.0,2681566.0,2504705.0,2572571.0,2590644,8239.0,8249.0,8202.0,8155.0,8155.0,329.69680786503216,325.07770638865316,305.3773469885394,315.45935009196813
125,大安區,龍陣里,1015891.0,1009352.0,995557.0,999132.0,985662,3659.0,3675.0,3672.0,3700.0,3700.0,277.6417053839847,274.65360544217685,271.1211873638344,270.0356756756757
126,大安區,建安里,1966200.0,2011949.0,1914234.0,1954580.0,1935740,5289.0,5296.0,5303.0,5234.0,5234.0,371.75269427112875,379.8997356495468,360.9719026965868,373.4390523500191
127,中山區,永安里,863959.0,2462703.0,2022796.0,2070655.0,2381037,9912.0,9926.0,10028.0,10081.0,10081.0,87.16293381759483,248.10628652024985,201.71479856402075,205.40174585854578
128,中山區,成功里,1770686.0,2719183.0,2668511.0,2812591.0,3028717,6693.0,6912.0,7060.0,7102.0,7102.0,264.5578963095772,393.400318287037,377.9760623229462,396.0280202759786
129,中山區,北安里,,458948.0,192087.0,204126.0,539536,2855.0,2846.0,2843.0,2889.0,2889.0,,161.26071679550245,67.56489623637003,70.65628245067498
130,中山區,中吉里,1645278.0,,1559423.0,1633658.0,1676838,5812.0,5797.0,5846.0,5831.0,5831.0,283.0829318651067,,266.75042764283273,280.16772423255014
131,中山區,晴光里,1926324.0,2226989.0,1896158.0,2120766.0,2092074,5122.0,5234.0,5351.0,5432.0,5432.0,376.0882467786021,425.48509743981657,354.35582134180527,390.4208394698085
132,中山區,民安里,957064.0,985236.0,971010.0,1032118.0,1017742,4918.0,4847.0,4815.0,4841.0,4841.0,194.60431069540465,203.26717557251908,201.66355140186917,213.20347035736418
133,中山區,新庄里,1224372.0,1302999.0,1107244.0,1201924.0,1206555,5061.0,5086.0,5173.0,5231.0,5231.0,241.92294013040902,256.19327565867087,214.04291513628456,229.76945134773464
134,中山區,朱崙里,1030303.0,1026459.0,996847.0,,1014065,2982.0,2942.0,2983.0,2994.0,2994.0,345.5073775989269,348.8983684568321,334.1759973181361,
135,中山區,力行里,863785.0,855644.0,859594.0,866638.0,869721,5816.0,5897.0,5950.0,6076.0,6076.0,148.51874140302613,145.09818551806003,144.46957983193278,142.6329822251481
136,中山區,中庄里,1427432.0,1593470.0,1370824.0,1515118.0,1649322,5167.0,5129.0,5201.0,5251.0,5251.0,276.25933810721887,310.6784948333008,263.56931359353973,288.5389449628642
137,中山區,朱馥里,1020881.0,351.0,1016597.0,1037494.0,1011354,6272.0,6261.0,6235.0,6223.0,6223.0,162.76801658163265,0.056061332055582176,163.0468323977546,166.71926723445284
138,中山區,江寧里,977343.0,,914402.0,958620.0,905870,6761.0,6970.0,7055.0,7120.0,7120.0,144.55598284277474,,129.61048901488306,134.6376404494382
139,中山區,江山里,1239192.0,33.0,1192612.0,1231708.0,1213052,7666.0,7743.0,7786.0,7832.0,7832.0,161.6477954604748,0.004261913986826811,153.17390187516054,157.26608784473953
140,中山區,大佳里,121382.0,2182.0,121966.0,126842.0,135606,1152.0,1143.0,1132.0,1135.0,1135.0,105.36631944444444,1.9090113735783028,107.74381625441696,111.75506607929515
141,中山區,中央里,173867.0,1515.0,164681.0,177470.0,190747,3848.0,3872.0,3868.0,3851.0,3851.0,45.18373180873181,0.3912706611570248,42.57523267838676,46.08413399117112
142,中山區,新福里,738725.0,802653.0,692938.0,801380.0,805960,5190.0,5196.0,5193.0,5233.0,5233.0,142.33622350674375,154.47517321016167,133.4369343346813,153.13969042614178
143,中山區,聚盛里,208725.0,249453.0,226895.0,232321.0,226942,3916.0,4051.0,4168.0,4236.0,4236.0,53.300561797752806,61.57812885707233,54.437380038387715,54.844428706326724
144,中山區,正得里,16091.0,14526.0,3612.0,4869.0,26769,3593.0,3682.0,3745.0,3789.0,3789.0,4.478430281102143,3.9451385116784357,0.9644859813084112,1.2850356294536818
145,中山區,下埤里,1238.0,,11744.0,13741.0,18974,7698.0,7799.0,7837.0,7888.0,7888.0,0.16082099246557546,,1.498532601760878,1.7420131845841784
146,中山區,康樂里,1059778.0,1128257.0,1030727.0,1132698.0,1167050,2484.0,2575.0,2668.0,2684.0,2684.0,426.6417069243156,438.15805825242717,386.3294602698651,422.01862891207156
147,中山區,圓山里,4080.0,1061.0,3839.0,1975.0,16462,4210.0,4331.0,4420.0,4451.0,4451.0,0.9691211401425178,0.24497806511198336,0.868552036199095,0.4437205122444394
148,中山區,新喜里,,72.0,,4000.0,--,5460.0,5516.0,5524.0,5564.0,5564.0,,0.01305293691080493,,0.7189072609633357
149,中山區,聚葉里,,569.0,,5640.0,6120,3835.0,3914.0,3927.0,3980.0,3980.0,,0.1453755748594788,,1.4170854271356783
150,中山區,新生里,,,,2373.0,3146,5022.0,5063.0,5083.0,5175.0,5175.0,,,,0.45855072463768115
151,中山區,行仁里,,,8778.0,19214.0,19316,8397.0,8402.0,8468.0,8484.0,8484.0,,,1.0366084081247047,2.2647336162187646
152,中山區,行孝里,,,,,10,4158.0,4179.0,4218.0,4198.0,4198.0,,,,
153,中山區,龍洲里,,,,733.0,12575,5195.0,5229.0,5215.0,5212.0,5212.0,,,,0.1406369915579432
154,中山區,朱園里,,6067.0,17530.0,17582.0,17360,4394.0,4531.0,4602.0,4691.0,4691.0,,1.3389980136835136,3.809213385484572,3.7480281389895547
155,中山區,復華里,,,6720.0,40800.0,18273,4724.0,4806.0,4833.0,4864.0,4864.0,,,1.3904407200496587,8.388157894736842
156,中山區,興亞里,308.0,842.0,7140.0,15363.0,4983,5268.0,5331.0,5424.0,5404.0,5404.0,0.058466211085801065,0.157944100543988,1.3163716814159292,2.8428941524796447
157,中山區,集英里,42405.0,41162.0,56089.0,57843.0,11110,7243.0,7343.0,7385.0,7454.0,7454.0,5.854618252105481,5.605610785782377,7.594989844278944,7.759994633753689
158,中山區,行政里,13731.0,12744.0,27940.0,29537.0,96824,7718.0,7685.0,7695.0,7730.0,7730.0,1.7790878465923814,1.658295380611581,3.630929174788824,3.821086675291074
159,中山區,埤頭里,496448.0,623944.0,562405.0,553593.0,529439,3579.0,3607.0,3607.0,3541.0,3541.0,138.71137189158983,172.98142500693098,155.92043249237594,156.3380401016662
160,中山區,中山里,1920113.0,1961497.0,1915235.0,1980433.0,1991454,5918.0,6142.0,6264.0,6424.0,6424.0,324.4530246704968,319.3580267014002,305.75271392081737,308.2865815691158
161,中山區,松江里,908539.0,1057020.0,912266.0,1058856.0,1005125,6760.0,6828.0,6879.0,6959.0,6959.0,134.39926035502958,154.8066783831283,132.61607791830207,152.1563443023423
162,中山區,中原里,1516251.0,586.0,1425584.0,1458136.0,1525606,5047.0,5089.0,5097.0,5128.0,5128.0,300.4261937784823,0.11515032422872863,279.69079850892683,284.34789391575663
163,中山區,正義里,2116614.0,2154665.0,2183083.0,2212474.0,2260168,4994.0,5250.0,5335.0,5368.0,5368.0,423.83139767721264,410.41238095238094,409.20018744142453,412.15983606557376
164,中山區,正守里,864378.0,904034.0,904194.0,914695.0,914074,3178.0,3209.0,3239.0,3300.0,3300.0,271.9880427942102,281.7182923028981,279.15838221673357,277.18030303030304
165,中山區,恆安里,1823320.0,1985568.0,1707900.0,1888430.0,1921470,4303.0,4449.0,4678.0,4834.0,4834.0,423.73227980478737,446.2953472690492,365.0919196237708,390.6557716177079
166,中山區,劍潭里,929882.0,896844.0,818140.0,828491.0,855187,3892.0,3888.0,3895.0,3899.0,3899.0,238.9213771839671,230.66975308641975,210.0487804878049,212.4880738650936
167,中山區,金泰里,2568284.0,2603028.0,2597089.0,2653929.0,2686725,7563.0,7619.0,7709.0,7801.0,7801.0,339.5853497289435,341.64956030975196,336.8905175768582,340.2036918343802
168,中山區,大直里,2218648.0,2160165.0,1552186.0,1592372.0,2345811,10326.0,10340.0,10319.0,10316.0,10316.0,214.86035250823164,208.9134429400387,150.42019575540266,154.35944164404808
169,中正區,螢圃里,478844.0,1018349.0,1021578.0,1046175.0,1022298,5543.0,5602.0,5692.0,5709.0,5709.0,86.38715497023273,181.78311317386647,179.4761068165847,183.25013137151865
170,中正區,網溪里,185488.0,693951.0,694105.0,710863.0,676496,5808.0,5868.0,5933.0,5993.0,5993.0,31.9366391184573,118.26022494887526,116.99056126748694,118.61555147672284
171,中正區,忠勤里,1182713.0,1182510.0,1161088.0,1188720.0,1185056,6948.0,6984.0,7025.0,6983.0,6983.0,170.2235175590098,169.31701030927834,165.2794306049822,170.23055993126164
172,中正區,黎明里,1695267.0,1784601.0,1625298.0,,1625007,3634.0,3644.0,3609.0,3622.0,3622.0,466.5016510731976,489.73682766191,450.3458021612635,
173,中正區,愛國里,675580.0,708557.0,623157.0,649745.0,621377,3728.0,3775.0,3739.0,3668.0,3668.0,181.21781115879827,187.69721854304635,166.6640813051618,177.13876772082878
174,中正區,文祥里,1529163.0,1532468.0,1500311.0,1505299.0,1526589,8574.0,8493.0,8496.0,8523.0,8523.0,178.34884534639608,180.43894972330153,176.59027777777777,176.61609761820955
175,中正區,幸市里,3930.0,31344.0,36352.0,37018.0,35630,4533.0,4586.0,4612.0,4689.0,4689.0,0.8669755129053607,6.8347143480157,7.882046834345187,7.894647046278524
176,中正區,梅花里,1551740.0,1577699.0,1539979.0,1543531.0,1379692,3300.0,3289.0,3321.0,3367.0,3367.0,470.22424242424245,479.68957129826697,463.7094248720265,458.42916542916544
177,中正區,螢雪里,958780.0,980515.0,990254.0,1006404.0,990294,4583.0,4574.0,4607.0,4589.0,4589.0,209.2035784420685,214.36707477044163,214.94551769047104,219.30791022009151
178,中正區,頂東里,1568584.0,1594812.0,1468609.0,1529243.0,1563282,6008.0,6117.0,6220.0,6262.0,6262.0,261.0825565912117,260.71799901912703,236.11077170418005,244.20999680613224
179,中正區,三愛里,2166873.0,2206470.0,2326605.0,2336922.0,2330624,8650.0,8694.0,8725.0,8861.0,8861.0,250.50554913294798,253.79227053140096,266.6595988538682,263.7311815822142
180,中正區,河堤里,1173504.0,1184541.0,1110246.0,1150778.0,1214615,4478.0,4507.0,4645.0,4731.0,4731.0,262.05984814649395,262.8224983359219,239.01959095801936,243.2420207144367
181,中正區,文盛里,,,,2431.0,4280,2725.0,2735.0,2741.0,2754.0,2754.0,,,,0.8827160493827161
182,中正區,東門里,,34.0,,,569,4607.0,4573.0,4595.0,4505.0,4505.0,,0.007434944237918215,,
183,中正區,永功里,2020.0,2700.0,2573.0,2558.0,3612,6653.0,6750.0,6771.0,6776.0,6776.0,0.3036224259732452,0.4,0.38000295377344556,0.3775088547815821
184,中正區,永昌里,1583.0,1222.0,1104.0,1023.0,1421,5159.0,5182.0,5244.0,5242.0,5242.0,0.30684241132002327,0.23581628714781938,0.21052631578947367,0.195154521175124
185,中正區,龍興里,,1.0,,,28892,4566.0,4596.0,4613.0,4545.0,4545.0,,0.0002175805047867711,,
186,中正區,林興里,607.0,526.0,243.0,1990.0,11826,4818.0,4707.0,4963.0,4965.0,4965.0,0.12598588625985888,0.11174845974081156,0.04896232117670764,0.40080563947633435
187,中正區,水源里,,18.0,,3973.0,4762,3131.0,3154.0,3097.0,3079.0,3079.0,,0.0057070386810399495,,1.2903540110425462
188,中正區,富水里,,218.0,,,46,2984.0,2856.0,2927.0,2715.0,2715.0,,0.07633053221288516,,
189,中正區,幸福里,711.0,465.0,2691.0,2785.0,1392,4893.0,4937.0,4965.0,4976.0,4976.0,0.14530962599632127,0.0941867530889204,0.5419939577039274,0.5596864951768489
190,中正區,龍光里,,,,,--,3952.0,3912.0,3965.0,3981.0,3981.0,,,,
191,中正區,龍福里,,,,,7240,8489.0,8520.0,8259.0,8196.0,8196.0,,,,
192,中正區,文北里,423364.0,439212.0,408662.0,435662.0,416169,5689.0,5749.0,5751.0,5764.0,5764.0,74.41799964844436,76.39798225778397,71.05929403581986,75.58327550312283
193,中正區,建國里,176625.0,182135.0,160828.0,167173.0,168009,1638.0,1629.0,1708.0,1732.0,1732.0,107.82967032967034,111.80785758133824,94.1615925058548,96.52020785219399
194,中正區,板溪里,139337.0,139021.0,131407.0,136921.0,148956,3418.0,3459.0,3460.0,3492.0,3492.0,40.76565242832066,40.191095692396644,37.97890173410405,39.209908361970214
195,中正區,南福里,14445.0,15580.0,18412.0,17742.0,52370,10828.0,10954.0,11064.0,11153.0,11153.0,1.3340413742149981,1.4223114843892641,1.6641359363702097,1.5907827490361337
196,中正區,光復里,113873.0,131417.0,126237.0,129058.0,144095,4173.0,4162.0,4165.0,4234.0,4234.0,27.28804217589264,31.575444497837577,30.309003601440576,30.481341521020312
197,中正區,廈安里,643554.0,643560.0,620779.0,649801.0,690826,4643.0,4740.0,4833.0,4920.0,4920.0,138.60736592720224,135.77215189873417,128.4458928201945,132.07337398373983
198,中正區,南門里,588610.0,628818.0,566861.0,614051.0,628997,3118.0,3126.0,3072.0,3036.0,3036.0,188.7780628608082,201.1573896353167,184.52506510416666,202.25658761528328
199,中正區,新營里,1841375.0,1861853.0,1898762.0,1929308.0,1773606,10178.0,10280.0,10323.0,10326.0,10326.0,180.91717429750443,181.11410505836577,183.9350963867093,186.83982180902575
200,大同區,建功里,478713.0,500925.0,487593.0,509020.0,480986,4832.0,4882.0,4900.0,4833.0,4833.0,99.07139900662251,102.60651372388365,99.50877551020409,105.32174632733292
201,大同區,光能里,968845.0,991659.0,962163.0,965511.0,943571,5321.0,5417.0,5521.0,5569.0,5569.0,182.07949633527534,183.06424220047998,174.27332005071545,173.37241874663314
202,大同區,保安里,812224.0,831006.0,778044.0,847630.0,833621,4279.0,4257.0,4300.0,4342.0,4342.0,189.81631222248188,195.2093023255814,180.94046511627906,195.21649009672961
203,大同區,老師里,966588.0,1086570.0,1023359.0,1113577.0,1019858,6024.0,6139.0,6209.0,6302.0,6302.0,160.4561752988048,176.9946245316827,164.81865034627154,176.70215804506506
204,大同區,雙連里,1548856.0,1631632.0,1513624.0,1634200.0,1505562,10330.0,10401.0,10434.0,10427.0,10427.0,149.9376573088093,156.87260840303816,145.06651332183247,156.72772609571305
205,大同區,玉泉里,516272.0,519090.0,520682.0,519808.0,533162,3216.0,3264.0,3214.0,3264.0,3264.0,160.53233830845772,159.03492647058823,162.00435594275046,159.2549019607843
206,大同區,民權里,1266133.0,1348496.0,1286098.0,1463660.0,1393608,6540.0,6787.0,6912.0,7041.0,7041.0,193.59831804281345,198.68808015323413,186.0674189814815,207.87672205652606
207,大同區,國慶里,797342.0,814800.0,680280.0,747399.0,685929,4353.0,4478.0,4456.0,4533.0,4533.0,183.1706868826097,181.9562304600268,152.6660682226212,164.87954996690934
208,大同區,星明里,1073604.0,1105653.0,1135972.0,,1150735,5869.0,6086.0,6210.0,6318.0,6318.0,182.9279263929119,181.6715412421952,182.92624798711756,
209,大同區,永樂里,1416209.0,1466605.0,1444651.0,1470009.0,1501814,5758.0,5750.0,5734.0,5717.0,5717.0,245.9550191038555,255.06173913043477,251.94471573072897,257.12943851670457
210,大同區,至聖里,986695.0,1007603.0,980665.0,1055376.0,995782,7604.0,8043.0,8194.0,8292.0,8292.0,129.75999473961073,125.27701106552281,119.68086404686356,127.27641099855282
211,大同區,南芳里,,19.0,,,83,4020.0,4120.0,4215.0,4262.0,4262.0,,0.004611650485436893,,
212,大同區,揚雅里,,38.0,,,251,4273.0,4365.0,4348.0,4367.0,4367.0,,0.00870561282932417,,
213,大同區,斯文里,,32.0,,,--,5427.0,5489.0,5525.0,5564.0,5564.0,,0.005829841501184187,,
214,大同區,建泰里,376.0,121.0,6520.0,7320.0,3840,3884.0,3933.0,3984.0,4042.0,4042.0,0.09680741503604531,0.030765319094838546,1.6365461847389557,1.8109846610588818
215,大同區,隆和里,,,4576.0,3914.0,10196,3243.0,3225.0,3208.0,3274.0,3274.0,,,1.42643391521197,1.1954795357361025
216,大同區,蓬萊里,,,,,9138,4936.0,5060.0,5070.0,5105.0,5105.0,,,,
217,大同區,景星里,382.0,798.0,676.0,761.0,46090,2851.0,2882.0,2941.0,2917.0,2917.0,0.13398807435987373,0.2768910478834143,0.22985379122747365,0.2608844703462461
218,大同區,大有里,14092.0,28960.0,20592.0,21788.0,19891,5146.0,5211.0,5165.0,5172.0,5172.0,2.738437621453556,5.557474573018615,3.986834462729913,4.212683681361176
219,大同區,延平里,1856.0,970.0,963.0,2889.0,7303,4198.0,4205.0,4242.0,4290.0,4290.0,0.4421152929966651,0.23067776456599287,0.22701555869872703,0.6734265734265734
220,大同區,鄰江里,1053222.0,1271343.0,1130783.0,1203368.0,1087402,6456.0,6529.0,6585.0,6675.0,6675.0,163.13847583643124,194.72246898453056,171.72103264996204,180.2798501872659
221,大同區,國順里,15455.0,16251.0,15446.0,17263.0,13992,3134.0,3123.0,3129.0,3120.0,3120.0,4.931397574984046,5.203650336215178,4.936401406200064,5.533012820512821
222,大同區,建明里,12040.0,11560.0,11842.0,30069.0,40519,3529.0,3573.0,3605.0,3608.0,3608.0,3.411731368659677,3.235376434368878,3.284882108183079,8.333980044345898
223,大同區,重慶里,1226733.0,1305437.0,1225370.0,1376102.0,1238829,7029.0,7168.0,7273.0,7336.0,7336.0,174.524541186513,182.1201171875,168.48205692286538,187.5820610687023
224,大同區,朝陽里,1314581.0,1340992.0,1323627.0,1312605.0,1278941,4388.0,4422.0,4446.0,4603.0,4603.0,299.58546034639926,303.25463591135235,297.7118758434548,285.1629372148599
225,萬華區,新和里,1421872.0,1362655.0,1334825.0,1369628.0,1522067,8194.0,8148.0,8217.0,8877.0,8877.0,173.52599463021724,167.23797250859107,162.44675672386515,154.28951222259772
226,萬華區,日善里,721.0,719.0,658.0,694.0,1302,4004.0,3977.0,3945.0,3963.0,3963.0,0.18006993006993008,0.18078953985416144,0.1667934093789607,0.1751198586929094
227,萬華區,頂碩里,1510021.0,1532891.0,1512391.0,1542753.0,1486206,7773.0,7874.0,7868.0,7726.0,7726.0,194.2648912903641,194.67754635509272,192.22051347229282,199.683277245664
228,萬華區,西門里,779963.0,881321.0,919744.0,940836.0,898464,4013.0,3975.0,3992.0,4064.0,4064.0,194.35908298031399,221.7159748427673,230.39679358717436,231.50492125984252
229,萬華區,萬壽里,1059709.0,1066512.0,1111612.0,1192422.0,1125726,3434.0,3519.0,3574.0,3641.0,3641.0,308.59318578916714,303.07246376811594,311.0274202574147,327.49848942598186
230,萬華區,新忠里,585188.0,543073.0,600516.0,624529.0,635322,3111.0,3338.0,3552.0,3683.0,3683.0,188.10286081645773,162.6941282204913,169.0641891891892,169.57073038284008
231,萬華區,柳鄉里,660189.0,678851.0,633033.0,667751.0,663508,5498.0,5566.0,5620.0,5689.0,5689.0,120.07802837395417,121.96388789076536,112.63932384341636,117.37581297240288
232,萬華區,華江里,1753877.0,1765181.0,1614066.0,1690188.0,1661944,8749.0,8726.0,8776.0,8857.0,8857.0,200.46599611384158,202.2898235159294,183.91818596171376,190.83075533476347
233,萬華區,雙園里,866903.0,907694.0,902886.0,915566.0,898860,4890.0,5002.0,5060.0,5112.0,5112.0,177.28077709611452,181.46621351459416,178.43596837944665,179.10133020344287
234,萬華區,富民里,149329.0,148521.0,146460.0,155466.0,168408,5455.0,5453.0,5470.0,5397.0,5397.0,27.374702108157653,27.23656702732441,26.775137111517367,28.806003335186215
235,萬華區,綠堤里,838287.0,842213.0,778340.0,810064.0,820647,4752.0,4743.0,4703.0,4617.0,4617.0,176.40719696969697,177.5696816360953,165.49861790346588,175.45245830625947
236,萬華區,凌霄里,748648.0,721993.0,715513.0,707452.0,693101,3960.0,4019.0,4031.0,4003.0,4003.0,189.05252525252524,179.64493655138094,177.50260481270158,176.73045216087934
237,萬華區,錦德里,1214165.0,1205992.0,1155226.0,1177680.0,1180215,5603.0,5710.0,5775.0,5786.0,5786.0,216.69908977333571,211.20700525394045,200.0391341991342,203.53957829243
238,萬華區,忠貞里,806204.0,863104.0,839765.0,853849.0,841358,5157.0,5188.0,5216.0,5165.0,5165.0,156.3319759550126,166.36545875096377,160.99789110429447,165.31442400774444
239,萬華區,菜園里,631465.0,655448.0,646250.0,670813.0,700203,6141.0,6151.0,6137.0,6311.0,6311.0,102.82771535580524,106.55958380751098,105.30389441094998,106.29266360323246
240,萬華區,騰雲里,632973.0,632297.0,609111.0,617505.0,594886,3143.0,3124.0,3116.0,3127.0,3127.0,201.391345847916,202.39980793854033,195.47849807445442,197.47521586184843
241,萬華區,青山里,544676.0,604687.0,588023.0,,544067,5973.0,5970.0,6018.0,5974.0,5974.0,91.18968692449356,101.28760469011725,97.7107012296444,
242,萬華區,糖廍里,1222663.0,1226484.0,1142211.0,1224088.0,1251678,,,,,,,,,
243,萬華區,孝德里,211112.0,209073.0,206913.0,203530.0,209460,3376.0,3447.0,3492.0,3539.0,3539.0,62.53317535545024,60.65361183637946,59.25343642611684,57.510596213619664
244,萬華區,富福里,990381.0,1018083.0,949832.0,1024621.0,1053152,6114.0,6290.0,6304.0,6374.0,6374.0,161.98577036310107,161.85739268680445,150.67131979695432,160.75007844367744
245,萬華區,忠德里,879467.0,863084.0,844441.0,870019.0,852720,4716.0,4714.0,4656.0,4693.0,4693.0,186.48579304495334,183.08952057700466,181.36619415807561,185.38653313445556
246,萬華區,福音里,322470.0,343229.0,331357.0,345775.0,362706,3660.0,3718.0,3717.0,3708.0,3708.0,88.10655737704919,92.31549220010758,89.14635458703255,93.25107874865157
247,萬華區,福星里,5061.0,3746.0,4983.0,23748.0,22599,5558.0,5579.0,5729.0,5760.0,5760.0,0.9105793450881612,0.6714464957877756,0.8697853028451736,4.122916666666667
248,萬華區,和德里,1632.0,3358.0,1044.0,6028.0,3891,7457.0,7619.0,7681.0,7674.0,7674.0,0.21885476733270753,0.44074025462659144,0.13591980210910037,0.7855095126400834
249,萬華區,全德里,,44.0,,2016.0,1677,4459.0,4443.0,4446.0,4440.0,4440.0,,0.00990321854602746,,0.4540540540540541
250,萬華區,保德里,,,,,--,3215.0,3394.0,3482.0,3518.0,3518.0,,,,
251,萬華區,銘德里,,24.0,,,1930,4833.0,4911.0,4909.0,4923.0,4923.0,,0.004886988393402566,,
252,萬華區,榮德里,,71165.0,,,--,3884.0,3872.0,3821.0,3827.0,3827.0,,18.379390495867767,,
253,萬華區,壽德里,,,,,2531,5630.0,5650.0,5643.0,5623.0,5623.0,,,,
254,萬華區,興德里,,37.0,,6839.0,11482,5086.0,5094.0,5151.0,5220.0,5220.0,,0.0072634471927758145,,1.310153256704981
255,萬華區,華中里,,28.0,3128.0,2495.0,--,6330.0,6351.0,6356.0,6492.0,6492.0,,0.004408754526846166,0.4921334172435494,0.3843191620455946
256,萬華區,新起里,,265.0,12569.0,15719.0,93468,6764.0,6787.0,6808.0,6814.0,6814.0,,0.03904523353469869,1.8462103407755581,2.306868212503669
257,萬華區,和平里,675.0,947.0,855.0,3803.0,1200,7254.0,7272.0,7257.0,7200.0,7200.0,0.09305210918114144,0.13022552255225522,0.11781727986771393,0.5281944444444444
258,萬華區,日祥里,79749.0,79666.0,76706.0,79302.0,76858,5805.0,5876.0,5843.0,5783.0,5783.0,13.737984496124032,13.55786249149081,13.127845284956358,13.712951755144388
259,萬華區,仁德里,380659.0,409656.0,380774.0,417404.0,436252,4592.0,4780.0,4830.0,4814.0,4814.0,82.89612369337979,85.7020920502092,78.8351966873706,86.70627336933943
260,萬華區,新安里,748168.0,751172.0,745000.0,747765.0,748796,6522.0,6584.0,6526.0,6538.0,6538.0,114.7145047531432,114.09052247873633,114.15874961691695,114.37213215050474
261,文山區,萬興里,736598.0,2115596.0,2084837.0,2093510.0,2029616,8620.0,8606.0,8784.0,8873.0,8873.0,85.4522041763341,245.82802695793632,237.34483151183971,235.94162064690636
262,文山區,樟新里,1101063.0,1145610.0,1130583.0,1217113.0,1135140,5928.0,6046.0,6048.0,5996.0,5996.0,185.73937246963564,189.48230234866028,186.93501984126985,202.9874916611074
263,文山區,樟腳里,1208158.0,1232593.0,1145288.0,1246664.0,1172667,5794.0,5886.0,5917.0,5988.0,5988.0,208.51881256472214,209.41097519537885,193.55889809024845,208.1937207748831
264,文山區,木新里,1884901.0,1940770.0,1795105.0,1891938.0,1869236,10049.0,10221.0,10347.0,10443.0,10443.0,187.57100208976019,189.8806379023579,173.4903836860926,181.1680551565642
265,文山區,試院里,1720604.0,,1550350.0,1623966.0,1538559,7038.0,7152.0,7220.0,7266.0,7266.0,244.47342995169083,,214.72991689750694,223.50206440957885
266,文山區,明義里,962431.0,786916.0,887228.0,912270.0,863864,4886.0,4882.0,4736.0,4643.0,4643.0,196.97728203029064,161.18721835313397,187.33699324324326,196.48287744992462
267,文山區,明興里,1456884.0,1422536.0,1396227.0,,1387252,7110.0,7153.0,7211.0,7244.0,7244.0,204.90632911392404,198.87264084999302,193.624601303564,
268,文山區,樟林里,1701878.0,1758071.0,1034935.0,1146763.0,1057166,8758.0,8855.0,8913.0,8902.0,8902.0,194.3226764101393,198.5399209486166,116.11522495231684,128.82082678049878
269,文山區,順興里,1430223.0,1382940.0,1390197.0,1399254.0,1403938,7579.0,7774.0,7880.0,8118.0,8118.0,188.70866868980076,177.89297658862876,176.42093908629442,172.36437546193645
270,文山區,興家里,1508523.0,1491843.0,1412423.0,1461032.0,1442952,7750.0,7862.0,7977.0,7937.0,7937.0,194.64812903225805,189.75362503179852,177.06192804312397,184.0786191256142
271,文山區,老泉里,138892.0,164520.0,164877.0,188366.0,171899,955.0,977.0,1002.0,983.0,983.0,145.4366492146597,168.39303991811667,164.54790419161677,191.6236012207528
272,文山區,萬芳里,1965721.0,1947424.0,1830469.0,1896919.0,1910459,8226.0,8236.0,8247.0,8337.0,8337.0,238.96438123024555,236.45264691597862,221.95574148175095,227.5301667266403
273,文山區,忠順里,952885.0,922332.0,913008.0,924694.0,996454,3885.0,3910.0,3993.0,4025.0,4025.0,245.27284427284428,235.89053708439897,228.65214124718256,229.7376397515528
274,文山區,萬美里,1741542.0,1725116.0,1664548.0,1731182.0,1757590,7284.0,7342.0,7359.0,7548.0,7548.0,239.09143327841846,234.96540452192863,226.1921456719663,229.35638579756227
275,文山區,興昌里,160302.0,159552.0,143008.0,149421.0,139657,6978.0,7001.0,6997.0,7047.0,7047.0,22.972484952708513,22.78988715897729,20.43847363155638,21.203490847169007
276,文山區,政大里,1545930.0,2107914.0,2125437.0,2180140.0,2209229,6929.0,7225.0,7515.0,7733.0,7733.0,223.11011689998557,291.7528027681661,282.8259481037924,281.9268071899651
277,文山區,樟文里,1235950.0,1234602.0,1121289.0,1254777.0,1142469,6531.0,6596.0,6613.0,6663.0,6663.0,189.24360741080997,187.17434808975136,169.55829426886436,188.32012606933813
278,文山區,興邦里,,8880.0,,,--,4542.0,4672.0,4735.0,4865.0,4865.0,,1.9006849315068493,,
279,文山區,樟樹里,946565.0,930227.0,920153.0,924567.0,911971,5066.0,5091.0,5107.0,5178.0,5178.0,186.8466245558626,182.71989785896682,180.17485803798706,178.55677867902665
280,文山區,興業里,,,,,--,5515.0,5574.0,5614.0,5607.0,5607.0,,,,
281,文山區,興安里,,,,,--,6762.0,6803.0,6864.0,6820.0,6820.0,,,,
282,文山區,興福里,,,,,--,6457.0,6408.0,6356.0,6342.0,6342.0,,,,
283,文山區,興旺里,,,,,--,8065.0,8251.0,8435.0,8517.0,8517.0,,,,
284,文山區,興泰里,,,,6094.0,--,4000.0,3966.0,4042.0,4066.0,4066.0,,,,1.49877029021151
285,文山區,景行里,,,6960.0,6876.0,--,7054.0,7140.0,7233.0,7500.0,7500.0,,,0.9622563251762754,0.9168
286,文山區,景東里,,,,,--,7723.0,7744.0,7694.0,7721.0,7721.0,,,,
287,文山區,景美里,,,2600.0,1040.0,69,5418.0,5415.0,5471.0,5554.0,5554.0,,,0.4752330469749589,0.18725243068059055
288,文山區,景慶里,,297.0,312.0,254.0,1956,7152.0,7160.0,7180.0,7046.0,7046.0,,0.0414804469273743,0.043454038997214485,0.036048822026681804
289,文山區,景仁里,,,,,--,4906.0,4983.0,5010.0,5104.0,5104.0,,,,
290,文山區,景華里,,,8120.0,9840.0,--,6263.0,6268.0,6324.0,6246.0,6246.0,,,1.2839974699557242,1.5754082612872238
291,文山區,萬有里,,,,,2440,5606.0,5686.0,5749.0,5871.0,5871.0,,,,
292,文山區,萬祥里,,75.0,,,--,4875.0,4967.0,4904.0,4972.0,4972.0,,0.015099657741091201,,
293,文山區,萬隆里,,,,11200.0,1893,7804.0,7798.0,7743.0,7713.0,7713.0,,,,1.4520938674964345
294,文山區,萬年里,,,,,--,5415.0,5569.0,5627.0,5679.0,5679.0,,,,
295,文山區,萬和里,,,,,2495,2991.0,3263.0,3312.0,3367.0,3367.0,,,,
296,文山區,萬盛里,,,18840.0,21960.0,--,4757.0,4795.0,4875.0,4969.0,4969.0,,,3.8646153846153846,4.419400281746831
297,文山區,興豐里,,,5160.0,5680.0,--,4940.0,4936.0,4941.0,5088.0,5088.0,,,1.0443230115361264,1.1163522012578617
298,文山區,興光里,285542.0,265629.0,263977.0,285464.0,337249,3620.0,3614.0,3679.0,3697.0,3697.0,78.87900552486188,73.5,71.75237836368578,77.21503922099
299,文山區,指南里,889398.0,1006642.0,921139.0,1004948.0,1057054,3427.0,3560.0,3694.0,3862.0,3862.0,259.52669973737966,282.76460674157306,249.3608554412561,260.2143966856551
300,文山區,興得里,219321.0,,186110.0,188525.0,189446,6330.0,6355.0,6324.0,6319.0,6319.0,34.6478672985782,,29.429158760278305,29.83462573191961
301,文山區,華興里,2379417.0,468169.0,2175689.0,2259047.0,2213456,9005.0,9033.0,9101.0,9187.0,9187.0,264.2328706274292,51.82873906786228,239.0604329194594,245.89604876455863
302,文山區,博嘉里,1345881.0,1397660.0,1370622.0,1420782.0,1369636,5495.0,5578.0,5718.0,5822.0,5822.0,244.9282984531392,250.56651129437074,239.70304302203567,244.03675712813467
303,文山區,木柵里,2099793.0,2175503.0,2106143.0,2165771.0,2107433,8954.0,8957.0,8850.0,9063.0,9063.0,234.5089345543891,242.88299653901976,237.98225988700565,238.96844312037956
304,南港區,東新里,1332735.0,1326501.0,1227864.0,1355260.0,1276246,7205.0,7395.0,7494.0,7668.0,7668.0,184.9736294240111,179.37809330628804,163.84627702161728,176.74230568596766
305,南港區,仁福里,,1185466.0,1139138.0,1154279.0,1084211,5849.0,5847.0,5910.0,5997.0,5997.0,,202.74773388062255,192.74754653130287,192.47607136901783
306,南港區,南港里,1164596.0,1213608.0,1252260.0,1275963.0,1508665,6610.0,6711.0,6758.0,6713.0,6713.0,176.18698940998488,180.83862315601252,185.30038472920984,190.07343959481602
307,南港區,新富里,51426.0,49020.0,51016.0,56678.0,43996,4215.0,4254.0,4221.0,4257.0,4257.0,12.200711743772242,11.52327221438646,12.086235489220563,13.314070941977919
308,南港區,中南里,22292.0,28002.0,31699.0,30925.0,23292,4178.0,4129.0,4061.0,4027.0,4027.0,5.335567257060795,6.781787357713732,7.80571287860133,7.679413955798361
309,南港區,舊莊里,,705.0,2704.0,3288.0,78,9671.0,9728.0,9792.0,9837.0,9837.0,,0.07247121710526316,0.2761437908496732,0.3342482464165904
310,南港區,中研里,,,871.0,,--,9396.0,9475.0,9448.0,9564.0,9564.0,,,0.09218882303132939,
311,南港區,九如里,,,,,--,6486.0,6682.0,6730.0,6733.0,6733.0,,,,
312,南港區,重陽里,1314128.0,1382604.0,1331960.0,1383298.0,1491863,4636.0,4354.0,4411.0,5352.0,5352.0,283.4616048317515,317.5480018373909,301.9632736340966,258.4637518684604
313,南港區,東明里,1165552.0,1186480.0,1119957.0,1258696.0,1044966,5679.0,5694.0,5753.0,4962.0,4962.0,205.23895051945766,208.3737267298911,194.67356162002434,253.6670697299476
314,南港區,新光里,2729.0,1164.0,7961.0,7322.0,451,3926.0,3944.0,3947.0,3998.0,3998.0,0.695109526235354,0.295131845841785,2.0169749176589815,1.831415707853927
315,南港區,玉成里,1055346.0,1169.0,1041864.0,1039198.0,1104698,5112.0,5167.0,5187.0,5207.0,5207.0,206.44483568075117,0.2262434681633443,200.8606130711394,199.57710773958132
316,南港區,聯成里,1072123.0,1059164.0,1048780.0,1075555.0,1007382,5348.0,5411.0,5407.0,5429.0,5429.0,200.4717651458489,195.74274625762337,193.9670797114851,198.11291213851538
317,南港區,百福里,1087814.0,1035750.0,992491.0,1001474.0,1006608,5322.0,5437.0,5520.0,5607.0,5607.0,204.39947388199926,190.50027588743794,179.79909420289854,178.61137863385053
318,南港區,成福里,1133526.0,1157879.0,1123904.0,1144118.0,1341043,6722.0,7560.0,7811.0,7872.0,7872.0,168.62927700089259,153.15859788359788,143.88733836896685,145.3401930894309
319,南港區,合成里,1755884.0,1718444.0,1578008.0,,1467224,7100.0,7240.0,7176.0,7217.0,7217.0,247.3076056338028,237.35414364640883,219.90078037904124,
320,南港區,鴻福里,1081142.0,1054148.0,868069.0,907685.0,904292,4751.0,4772.0,4778.0,4859.0,4859.0,227.5609345400968,220.90276613579212,181.68041021347844,186.80489812718668
321,南港區,西新里,1093603.0,484727.0,912585.0,965174.0,929965,4994.0,4978.0,5041.0,5070.0,5070.0,218.9833800560673,97.37384491763761,181.03253322753423,190.3696252465483
322,南港區,萬福里,1075014.0,1066865.0,926775.0,946645.0,937230,4269.0,4289.0,4292.0,4359.0,4359.0,251.81869290231904,248.74446257868968,215.93080149114633,217.17022252810278
323,南港區,三重里,1168625.0,1314838.0,1439707.0,1680651.0,1837920,4662.0,5423.0,6015.0,6529.0,6529.0,250.67031317031316,242.4558362529965,239.3527847049044,257.4132332669628
324,內湖區,西湖里,432070.0,1972240.0,2097813.0,2255635.0,2076983,7805.0,7870.0,7796.0,7837.0,7837.0,55.35810377962844,250.6022871664549,269.0883786557209,287.81868061758325
325,內湖區,西康里,1837232.0,2919784.0,2900634.0,3001602.0,2740854,9192.0,9386.0,9459.0,9629.0,9629.0,199.87293298520453,311.07862774344767,306.6533460196638,311.72520510956485
326,內湖區,瑞光里,945580.0,931514.0,912011.0,912220.0,921317,4748.0,4778.0,4833.0,4820.0,4820.0,199.15332771693343,194.9589786521557,188.70494516863232,189.25726141078837
327,內湖區,港華里,1806948.0,1772842.0,1750585.0,1769175.0,1781525,9151.0,9333.0,9491.0,9559.0,9559.0,197.45907551087313,189.95414121932927,184.44684437888526,185.07950622450048
328,內湖區,金湖里,248.0,156.0,243.0,293.0,259,10008.0,10119.0,10346.0,10402.0,10402.0,0.02478017585931255,0.015416543136673585,0.02348733810168181,0.028167660065372045
329,內湖區,康寧里,,172.0,,,--,9426.0,9544.0,9644.0,9568.0,9568.0,,0.01802179379715004,,
330,內湖區,明湖里,,,,,--,5453.0,5591.0,5760.0,5874.0,5874.0,,,,
331,內湖區,蘆洲里,,,,,--,1278.0,1313.0,1316.0,1338.0,1338.0,,,,
332,內湖區,安湖里,,,,,5960,8382.0,8454.0,8400.0,8450.0,8450.0,,,,
333,內湖區,秀湖里,,13000.0,,,--,6400.0,6442.0,6477.0,6457.0,6457.0,,2.018006830176964,,
334,內湖區,安泰里,,,,37.0,--,5585.0,5721.0,5757.0,5847.0,5847.0,,,,0.006328031469129468
335,內湖區,寶湖里,103152.0,99102.0,98705.0,103962.0,97908,7072.0,7995.0,8195.0,8511.0,8511.0,14.585972850678733,12.395497185741089,12.044539353264186,12.215015861825872
336,內湖區,南湖里,,,179.0,5685.0,171,5624.0,5834.0,5866.0,6003.0,6003.0,,,0.030514831230821684,0.9470264867566217
337,內湖區,五分里,,53.0,,14720.0,--,11517.0,11576.0,11772.0,11795.0,11795.0,,0.0045784381478921905,,1.2479864349300551
338,內湖區,東湖里,,,5640.0,6858.0,1138,9093.0,9047.0,8956.0,8879.0,8879.0,,,0.6297454220634212,0.7723842775087285
339,內湖區,樂康里,,,3882.0,3146.0,--,9072.0,8928.0,9187.0,9292.0,9292.0,,,0.4225536083596386,0.33857081360309943
340,內湖區,內溝里,,,,,--,4991.0,5004.0,5060.0,5061.0,5061.0,,,,
341,內湖區,紫星里,,,1342.0,3637.0,2036,8267.0,8195.0,8249.0,8309.0,8309.0,,,0.16268638622863377,0.43771813695992295
342,內湖區,大湖里,,,3715.0,13207.0,8480,5504.0,5548.0,5647.0,5724.0,5724.0,,,0.6578714361607934,2.3073025856044724
343,內湖區,碧山里,,3661.0,120.0,3649.0,2673,7275.0,7310.0,7319.0,7378.0,7378.0,,0.5008207934336525,0.016395682470282825,0.49457847655191106
344,內湖區,紫雲里,,,,1848.0,1356,6067.0,6096.0,6130.0,6177.0,6177.0,,,,0.29917435648373
345,內湖區,清白里,,,,4120.0,26440,8222.0,8336.0,8502.0,8628.0,8628.0,,,,0.4775150672229949
346,內湖區,葫洲里,254.0,,80.0,88.0,--,7694.0,7758.0,7720.0,7799.0,7799.0,0.03301273719781648,,0.010362694300518135,0.011283497884344146
347,內湖區,金龍里,98608.0,96574.0,108170.0,114610.0,219346,5638.0,5586.0,5597.0,5668.0,5668.0,17.489890031926215,17.28857858933047,19.326424870466322,20.220536344389554
348,內湖區,西安里,1471211.0,1453617.0,1463919.0,,1456592,6701.0,6818.0,6797.0,6876.0,6876.0,219.55096254290405,213.2028454092109,215.37722524643226,
349,內湖區,湖元里,1672724.0,1922709.0,1941438.0,2424178.0,2599613,5617.0,5756.0,5812.0,5807.0,5807.0,297.79668862382056,334.0356150104239,334.0395732966277,417.45789564318926
350,內湖區,湖濱里,2198494.0,2192777.0,2172718.0,2227548.0,2131541,8458.0,8486.0,8529.0,8507.0,8507.0,259.9307164814377,258.3993636577893,254.74475319498183,261.8488303749853
351,內湖區,港都里,1168900.0,1232608.0,1163671.0,1236082.0,1233652,5669.0,5747.0,5932.0,5941.0,5941.0,206.19156817780913,214.4785105272316,196.16840863115306,208.0595859282949
352,內湖區,港墘里,1572866.0,1892524.0,1799099.0,1917831.0,1924432,6250.0,6331.0,6369.0,6403.0,6403.0,251.65856,298.9297109461381,282.4774689904224,299.5206934249571
353,內湖區,行善里,1473651.0,905.0,1396478.0,1438059.0,1387403,6653.0,6798.0,6808.0,6871.0,6871.0,221.5017285435142,0.1331273904089438,205.12309048178614,209.2939892300975
354,內湖區,紫陽里,1880900.0,1927456.0,1800535.0,1885953.0,1799271,8073.0,8077.0,8218.0,8415.0,8415.0,232.9864982038895,238.63513680822086,219.096495497688,224.1180035650624
355,內湖區,金瑞里,591136.0,594515.0,605738.0,620512.0,456494,6941.0,7061.0,7043.0,7070.0,7070.0,85.16582624981992,84.196997592409,86.00567939798381,87.76690240452616
356,內湖區,麗山里,1316159.0,1300233.0,1270272.0,1326227.0,1454066,5906.0,6079.0,6167.0,6288.0,6288.0,222.85116830342025,213.8892910018095,205.97892005837522,210.9139631043257
357,內湖區,港富里,2175653.0,2114116.0,2130672.0,2148471.0,1978425,9892.0,10026.0,10041.0,10097.0,10097.0,219.94065911847957,210.86335527628168,212.19719151478935,212.7831038922452
358,內湖區,瑞陽里,1838560.0,1845707.0,1750432.0,1826339.0,1693941,8147.0,8112.0,8164.0,8215.0,8215.0,225.67325395851233,227.52798323471401,214.40862322390984,222.3175897748022
359,內湖區,石潭里,602811.0,219146.0,793444.0,917298.0,1055563,2857.0,3247.0,3455.0,3690.0,3690.0,210.994399719986,67.49183862026486,229.65094066570188,248.59024390243903
360,內湖區,內湖里,1524104.0,1530597.0,1481017.0,1534445.0,1246446,6054.0,6099.0,6043.0,6095.0,6095.0,251.75156921043938,250.95868175110675,245.07976170776104,251.75471698113208
361,內湖區,湖興里,1642404.0,1764869.0,1564508.0,1712325.0,1374437,8386.0,8704.0,8660.0,8820.0,8820.0,195.85070355354162,202.76528033088235,180.65912240184758,194.14115646258503
362,內湖區,週美里,1609019.0,265449.0,1852991.0,2000368.0,1993775,6584.0,6920.0,7325.0,7667.0,7667.0,244.38320170109355,38.359682080924856,252.96805460750852,260.90622146863177
363,士林區,福德里,1333259.0,1361166.0,1488460.0,1518752.0,1519852,6262.0,6239.0,6128.0,6034.0,6034.0,212.91264771638455,218.17054015066518,242.894908616188,251.69903878024527
364,士林區,福安里,761608.0,820925.0,751589.0,821819.0,782465,4953.0,5022.0,5006.0,4977.0,4977.0,153.76700989299414,163.4657506969335,150.13763483819417,165.1233674904561
365,士林區,永福里,299204.0,344247.0,311505.0,309333.0,323031,1353.0,1336.0,1361.0,1338.0,1338.0,221.14116777531413,257.66991017964074,228.87950036737692,231.19058295964126
366,士林區,芝山里,131755.0,130825.0,128259.0,128816.0,133864,7928.0,7956.0,7945.0,7956.0,7956.0,16.618945509586275,16.44356460532931,16.143360604153557,16.191050779286073
367,士林區,福順里,1120324.0,1135572.0,1058496.0,1068614.0,1094904,5338.0,5449.0,5549.0,5642.0,5642.0,209.87710753091045,208.40007340796475,190.754370156785,189.40340304856434
368,士林區,承德里,1458865.0,1487675.0,1400745.0,1482197.0,1685553,5857.0,5892.0,5967.0,6015.0,6015.0,249.08058733139833,252.49066530889343,234.7486173956762,246.41679135494596
369,士林區,天母里,,504.0,391.0,629.0,3415,7062.0,7142.0,7084.0,7147.0,7147.0,,0.07056846821618594,0.05519480519480519,0.0880089548062124
370,士林區,天山里,,,,4554.0,--,7570.0,7600.0,7512.0,7402.0,7402.0,,,,0.6152391245609294
371,士林區,天玉里,,,9760.0,26710.0,12720,9249.0,9281.0,9312.0,9346.0,9346.0,,,1.0481099656357389,2.857907126043227
372,士林區,德行里,,5334.0,11011.0,32021.0,18581,4503.0,4555.0,4604.0,4580.0,4580.0,,1.171020856201976,2.3916159860990445,6.991484716157205
373,士林區,德華里,,397.0,6414.0,8145.0,5241,5978.0,5948.0,5956.0,5964.0,5964.0,,0.06674512441156691,1.0768972464741438,1.3656941649899397
374,士林區,聖山里,,,,,--,5426.0,5376.0,5367.0,5391.0,5391.0,,,,
375,士林區,忠誠里,,,,2367.0,10334,5803.0,5892.0,6000.0,5994.0,5994.0,,,,0.3948948948948949
376,士林區,公館里,,40.0,40.0,40.0,40,1470.0,1455.0,1469.0,1494.0,1494.0,,0.027491408934707903,0.02722940776038121,0.02677376171352075
377,士林區,新安里,,,,6760.0,--,2142.0,2132.0,2125.0,2094.0,2094.0,,,,3.2282712511938874
378,士林區,平等里,,,40.0,40.0,40,1522.0,1510.0,1523.0,1537.0,1537.0,,,0.026263952724885097,0.026024723487312947
379,士林區,東山里,,1.0,,,--,5599.0,5543.0,5556.0,5509.0,5509.0,,0.00018040772145047808,,
380,士林區,三玉里,,,10570.0,9484.0,--,5884.0,6047.0,6082.0,6205.0,6205.0,,,1.7379151594870108,1.5284448025785657
381,士林區,蘭雅里,,,,,7712,8910.0,8973.0,9012.0,9144.0,9144.0,,,,
382,士林區,蘭興里,,,,15032.0,16253,6765.0,6812.0,6860.0,6870.0,6870.0,,,,2.1880640465793304
383,士林區,天福里,,,1090.0,879.0,--,6641.0,6645.0,6728.0,6690.0,6690.0,,,0.16200951248513673,0.131390134529148
384,士林區,天祿里,,24.0,,2360.0,1680,5336.0,5366.0,5397.0,5546.0,5546.0,,0.004472605292582929,,0.425531914893617
385,士林區,天壽里,,,,10451.0,--,5237.0,5290.0,5276.0,5342.0,5342.0,,,,1.9563833770123549
386,士林區,天和里,,,,,3863,8332.0,8228.0,8185.0,8109.0,8109.0,,,,
387,士林區,名山里,308.0,330.0,,,--,7500.0,7468.0,7532.0,7522.0,7522.0,0.04106666666666667,0.04418853776111409,,
388,士林區,社園里,1307826.0,538130.0,1210577.0,1277850.0,1253073,7748.0,7837.0,7859.0,7811.0,7811.0,168.79530201342283,68.66530560163328,154.03702761165542,163.5962104724107
389,士林區,岩山里,123195.0,128752.0,125950.0,126326.0,127836,3622.0,3710.0,3709.0,3662.0,3662.0,34.012976256212035,34.70404312668464,33.957940145591806,34.49645002730748
390,士林區,葫東里,814044.0,872785.0,782921.0,795033.0,812803,4048.0,4118.0,4182.0,4295.0,4295.0,201.09782608695653,211.9439048081593,187.21209947393592,185.10663562281724
391,士林區,富洲里,990666.0,998385.0,908304.0,962396.0,892050,5799.0,5784.0,5802.0,5857.0,5857.0,170.83393688566994,172.61151452282158,156.55015511892452,164.31551989072904
392,士林區,義信里,924013.0,976977.0,1007408.0,1023999.0,1049196,3579.0,3552.0,3466.0,3452.0,3452.0,258.1763062307907,275.0498310810811,290.6543566070398,296.6393395133256
393,士林區,菁山里,346616.0,353251.0,333629.0,320294.0,349757,1741.0,1735.0,1720.0,1714.0,1714.0,199.09017805858701,203.6028818443804,193.97034883720931,186.8693115519253
394,士林區,福佳里,1884615.0,1860903.0,1760701.0,1755572.0,1812318,8188.0,8286.0,8286.0,8346.0,8346.0,230.1679286761114,224.58399710354814,212.49106927347333,210.34890965732086
395,士林區,福林里,741751.0,898315.0,869738.0,933962.0,919034,3293.0,3267.0,3250.0,3232.0,3232.0,225.2508351047677,274.96632996632997,267.6116923076923,288.97339108910893
396,士林區,溪山里,463359.0,486708.0,444803.0,480278.0,463954,1474.0,1489.0,1496.0,1521.0,1521.0,314.35481682496606,326.8690396239087,297.3282085561497,315.7646285338593
397,士林區,永倫里,1459138.0,956553.0,1310399.0,1410911.0,1375736,7396.0,7509.0,7605.0,7741.0,7741.0,197.28745267712276,127.38753495805034,172.3075608152531,182.2646944839168
398,士林區,陽明里,1882121.0,1960169.0,1885086.0,,1956860,3112.0,3135.0,3164.0,3146.0,3146.0,604.7946658097686,625.25326953748,595.79203539823,
399,士林區,葫蘆里,1377930.0,1414371.0,1243636.0,1356488.0,1268634,7913.0,7971.0,7985.0,8144.0,8144.0,174.13496777454822,177.43959352653368,155.74652473387602,166.56286836935166
400,士林區,社子里,1205899.0,5120.0,1140707.0,1161287.0,1163967,6680.0,6817.0,6836.0,6802.0,6802.0,180.52380239520957,0.7510635176763972,166.86761263897017,170.72728609232578
401,士林區,臨溪里,1469998.0,1439292.0,1363865.0,1378324.0,1425409,3077.0,3075.0,3071.0,3054.0,3054.0,477.73740656483585,468.06243902439024,444.111038749593,451.3176162409954
402,士林區,舊佳里,1357630.0,1457979.0,1245587.0,1323713.0,1323325,6321.0,6351.0,6384.0,6398.0,6398.0,214.78088909982597,229.56683986773737,195.1107456140351,206.8948108783995
403,士林區,社新里,1690795.0,120.0,1635920.0,1612862.0,1584762,8900.0,9171.0,9221.0,9328.0,9328.0,189.97696629213482,0.013084723585214262,177.41242815312873,172.90544596912522
404,士林區,仁勇里,1207824.0,1247861.0,1157109.0,1146028.0,1125099,4309.0,4349.0,4339.0,4290.0,4290.0,280.30262241819446,286.93055874913773,266.6764231389721,267.1393939393939
405,士林區,福中里,1456916.0,1425707.0,1379434.0,1403193.0,1408067,7203.0,7327.0,7389.0,7501.0,7501.0,202.26516729140636,194.58263955234065,186.68750845851943,187.06745767231035
406,士林區,後港里,1825599.0,1782953.0,1646965.0,1657445.0,1724990,8415.0,8496.0,8562.0,8610.0,8610.0,216.9458110516934,209.8579331450094,192.35750992758702,192.50232288037165
407,士林區,百齡里,1372700.0,1369807.0,1193837.0,1248934.0,1211050,7729.0,7718.0,7739.0,7722.0,7722.0,177.6038297321775,177.48211972013476,154.2624370073653,161.73711473711472
408,士林區,福志里,1910348.0,1892610.0,1717454.0,1865711.0,1818880,7831.0,7876.0,7954.0,7921.0,7921.0,243.94687779338526,240.30091416962927,215.9233090269047,235.53983082944072
409,士林區,前港里,1063270.0,1122407.0,1078623.0,1147994.0,948328,4884.0,4855.0,4849.0,4893.0,4893.0,217.7047502047502,231.1857878475798,222.44235924932977,234.61966073983243
410,士林區,翠山里,788345.0,764054.0,657893.0,700101.0,678599,2835.0,2826.0,2802.0,2772.0,2772.0,278.0758377425044,270.3658881811748,234.7940756602427,252.5616883116883
411,士林區,富光里,1095492.0,1091295.0,1035129.0,1037976.0,1053697,6262.0,6296.0,6297.0,6308.0,6308.0,174.94282976684767,173.33148030495553,164.38446879466412,164.54914394419785
412,士林區,明勝里,1083369.0,1079015.0,1003888.0,1047643.0,1059251,5123.0,5180.0,5167.0,5217.0,5217.0,211.47159867265273,208.30405405405406,194.28836849235535,200.8133026643665
413,士林區,福華里,1238683.0,1234166.0,1095376.0,1122484.0,1091361,6970.0,7007.0,7072.0,6870.0,6870.0,177.71635581061693,176.1332952761524,154.8891402714932,163.3892285298399
414,北投區,湖山里,481065.0,684625.0,682338.0,678546.0,623931,1879.0,1852.0,1815.0,1836.0,1836.0,256.02182011708356,369.6679265658747,375.94380165289255,369.578431372549
415,北投區,洲美里,174256.0,,196408.0,,220950,2198.0,2199.0,2211.0,2256.0,2256.0,79.27934485896269,,88.8322026232474,
416,北投區,泉源里,541315.0,612757.0,575714.0,582309.0,657189,2518.0,2501.0,2557.0,2518.0,2518.0,214.97815726767274,245.0047980807677,225.15213140398905,231.25853852263702
417,北投區,湖田里,201737.0,237492.0,228603.0,240950.0,227908,1021.0,1003.0,1014.0,1099.0,1099.0,197.58765915768853,236.78165503489532,225.4467455621302,219.24476797088263
418,北投區,永和里,55017.0,55987.0,49092.0,59117.0,51698,9358.0,9409.0,9438.0,9563.0,9563.0,5.879140842060269,5.950366670209374,5.201525746980292,6.1818467008261
419,北投區,大同里,2938.0,7160.0,10041.0,9709.0,104802,6205.0,6266.0,6297.0,6283.0,6283.0,0.4734891216760677,1.1426747526332588,1.59456884230586,1.5452809167595098
420,北投區,八仙里,3840.0,3840.0,8434.0,9056.0,5353,5655.0,5663.0,5700.0,5780.0,5780.0,0.6790450928381963,0.6780858202366237,1.4796491228070174,1.5667820069204152
421,北投區,一德里,586.0,2273.0,535.0,506.0,439,7045.0,7225.0,7361.0,7541.0,7541.0,0.08317955997161107,0.3146020761245675,0.07268034234479011,0.0670998541307519
422,北投區,關渡里,,,40.0,6913.0,9360,11309.0,11435.0,11571.0,11823.0,11823.0,,,0.003456918157462622,0.58470777298486
423,北投區,桃源里,400.0,399.0,,,5169,5806.0,5946.0,6128.0,6314.0,6314.0,0.06889424733034792,0.06710393541876893,,
424,北投區,大屯里,,,,,69,1248.0,1255.0,1260.0,1243.0,1243.0,,,,
425,北投區,豐年里,,,,,--,4732.0,4883.0,4892.0,4938.0,4938.0,,,,
426,北投區,清江里,,120.0,120.0,13480.0,12400,9795.0,9804.0,9789.0,9805.0,9805.0,,0.012239902080783354,0.01225865767698437,1.3748087710351862
427,北投區,永欣里,,,,20320.0,--,8096.0,8106.0,8122.0,8161.0,8161.0,,,,2.4898909447371644
428,北投區,永明里,,,,,1456,5215.0,5279.0,5322.0,5314.0,5314.0,,,,
429,北投區,東華里,,40.0,40.0,40.0,40,4869.0,4816.0,4849.0,4753.0,4753.0,,0.008305647840531562,0.008249123530624871,0.008415737428992216
430,北投區,吉利里,,,,,2411,7513.0,7551.0,7511.0,7614.0,7614.0,,,,
431,北投區,吉慶里,,102.0,,,--,5682.0,5683.0,5729.0,5793.0,5793.0,,0.017948266760513813,,
432,北投區,尊賢里,,,,,--,5120.0,5088.0,5132.0,5149.0,5149.0,,,,
433,北投區,立賢里,,,,,49640,5884.0,5965.0,5936.0,5979.0,5979.0,,,,
434,北投區,立農里,,1327.0,,,88,9588.0,9702.0,9710.0,9707.0,9707.0,,0.1367759224902082,,
435,北投區,建民里,,,,,17028,4116.0,4150.0,4220.0,4489.0,4489.0,,,,
436,北投區,文林里,,,,,--,4589.0,4546.0,4448.0,4427.0,4427.0,,,,
437,北投區,石牌里,,,,,336,5541.0,5624.0,5709.0,5745.0,5745.0,,,,
438,北投區,福興里,,,,4143.0,16636,7556.0,7577.0,7646.0,7628.0,7628.0,,,,0.5431305715783954
439,北投區,榮光里,,,3601.0,3075.0,--,7897.0,8014.0,8078.0,8144.0,8144.0,,,0.44577865808368405,0.3775785854616896
440,北投區,榮華里,,,,,16892,7950.0,7932.0,7931.0,7986.0,7986.0,,,,
441,北投區,裕民里,,,,,4720,7908.0,7985.0,7949.0,8025.0,8025.0,,,,
442,北投區,振華里,,,,,--,8104.0,8074.0,8148.0,8151.0,8151.0,,,,
443,北投區,中央里,2604.0,2502.0,3261.0,4721.0,84791,9142.0,9210.0,9217.0,9251.0,9251.0,0.28483920367534454,0.2716612377850163,0.3538027557773679,0.5103232083018052
444,北投區,稻香里,19149.0,214.0,44225.0,49982.0,80098,5157.0,5208.0,5224.0,5294.0,5294.0,3.7132053519488073,0.04109062980030722,8.46573506891271,9.441254250094447
445,北投區,秀山里,1230.0,2105.0,2050.0,2269.0,1343,3468.0,3472.0,3484.0,3505.0,3505.0,0.3546712802768166,0.606278801843318,0.5884041331802525,0.647360912981455
446,北投區,奇岩里,624871.0,2370379.0,2239232.0,2320413.0,2212825,9945.0,9974.0,9878.0,9876.0,9876.0,62.83267973856209,237.65580509324244,226.6888034014983,234.95473876063184
447,北投區,中和里,273114.0,271241.0,267722.0,277390.0,459689,5187.0,5258.0,5270.0,5254.0,5254.0,52.65355696934644,51.58634461772537,50.8011385199241,52.79596497906357
448,北投區,長安里,1300143.0,804011.0,1274232.0,1303075.0,1213795,6211.0,6257.0,6345.0,6429.0,6429.0,209.32909354371276,128.49784241649354,200.82458628841607,202.6870430860165
449,北投區,溫泉里,1165391.0,1389535.0,1331897.0,1343246.0,1357982,6882.0,7006.0,7030.0,7000.0,7000.0,169.3390002906132,198.334998572652,189.45903271692745,191.89228571428572
450,北投區,開明里,1402518.0,1440733.0,1313314.0,1441781.0,1224132,6520.0,6654.0,6727.0,6791.0,6791.0,215.1101226993865,216.5213405470394,195.2302660918686,212.30761301722868
451,北投區,中心里,1571371.0,1369921.0,1526192.0,1568142.0,1397138,6391.0,6503.0,6539.0,6636.0,6636.0,245.8724769206697,210.65984930032292,233.39837895702706,236.30831826401447
452,北投區,文化里,772572.0,1047.0,720138.0,723098.0,670308,4562.0,4558.0,4560.0,4622.0,4622.0,169.34940815431827,0.22970601140851252,157.925,156.4469926438771
453,北投區,林泉里,926059.0,886590.0,857231.0,873492.0,770528,3418.0,3434.0,3498.0,3559.0,3559.0,270.9359274429491,258.17996505532903,245.06317895940538,245.43186288283226
454,北投區,智仁里,1107881.0,675589.0,1038053.0,1065011.0,848322,6445.0,6554.0,6585.0,6648.0,6648.0,171.8977501939488,103.08040891058896,157.6390280941534,160.20021058965102
455,北投區,中庸里,848560.0,840895.0,800590.0,817033.0,599948,4565.0,4571.0,4614.0,4591.0,4591.0,185.88389923329683,183.96302778385473,173.51322063285653,177.96406011762144
456,,,,,,,,5750.0,5764.0,5759.0,5783.0,5783.0,,,,
